No,Item No.,Item Name,Warehouse Code,Actual Stock,Average Price,Total Value,Last Purchase Date
1,BBR002,BEEF BRISKET PE * ROLL (SWIFT),FP,198.39,7.8,"1,547.39",30.05.2023
2,BCT001,BEEF CHUCK TENDER (NZ-PS),FP,378.49,7.48,"2,832.99",30.05.2023
3,CCUB11,CHICKEN CUBE 400GM X 12PKT (BUTCHER'S RIDGE),FP,136,3.5,476,17.04.2023
4,CCUR07,CHICKEN- CURRY CHICKEN 10kg/ctns,FP,715,2.78,"1,985.89",15.06.2023
5,CMIN01,CHICKEN- MINCED CHICKEN 5X2kg/pkt,FP,923,3.69,"3,408.01",15.06.2023
6,CSLI02-03,CHICKEN SLICED W/O SKIN 2CM 2kgX6 kt,FP,180,6.2,"1,116.00",06.02.2023
7,CWHL15,CHICKEN- WHOLE LEG 500gm/pkt,FP,4,1.5,6,15.06.2023
8,DUCK06,DUCK HEAD 5KG/PKT,FP,21.2,2.24,47.59,20.06.2023
9,DUCK13,DUCK GIZZARD 12kg/ctns,FP,66.9,3.2,214.08,17.06.2023
10,FSB002-02,FISH- FRESH SEABASS 700-800GM (MALAYSIA),FP,1,6.93,6.93,07.04.2022
11,FSN001-03,FISH- TOMAN FILLET 500/700 2kg x 5pkt,FP,"1,487.26",8.2,"12,195.54",11.06.2023
12,MBL001-01,MUTTON BONELESS LEG (MIDFIELD-AUST),FP,314.13,12.67,"3,980.49",24.05.2023
13,MLS004,MUTTON-  LAMB RACK STANDARD (THOMAS-AUST),FP,5.4,14.31,77.29,29.08.2021
14,OEG001,OTHER- SALTED YELLOW YOLK 50PCS/TRAY,FP,650,0.45,292.48,08.06.2023
15,OFS001,OTHER- CRISPY FISH SKIN 600gm/pkt,FP,34,8.13,276.25,01.06.2023
16,OKO002-01,OTHER- SALT DRIED SEAWEED STRIPS 5KG/CTNS,FP,8,22.25,177.96,31.03.2023
17,OPO008,OTHER- CHICKEN DRUMMETS BREADED ORIGINAL 850gmX10pkt,FP,188,5.85,"1,099.78",22.05.2023
18,OSO004,OTHER- SOUP CLAM 500GM/PKT,FP,159,4,636.02,15.06.2023
19,OST003,OTHER- SATAY PORK BELLY (RAW-FROZEN GRAVY),FP,51,6.18,315.22,27.10.2021
20,OTS002,OTHER - PORK LUNCHEON MEAT 6X1.81KG/CAN (MIDLAND-SQUARE),FP,146,8.5,"1,241.00",12.05.2023
21,PBEL10,PORK BELLY CUBE 5kgX2pkt,FP,929,4.86,"4,513.08",10.06.2023
22,PCHB03,PORK CHOP BONE IN 1cm 20kg/ctn,FP,625,3.4,"2,125.33",24.05.2023
23,PCOS04-06,PORK COLLAR 6mm,FP,58,4.3,249.4,27.05.2023
24,PEAR03,PORK EARFLAPS (WITH HAIR - ONLY EARFLAP),FP,2.2,5.3,11.66,14.03.2022
25,PFEE07,"PORK- PORK FRONT FEET,TOES ON (RIVALEA-AUST)",FP,"68,949.60",1.25,"86,309.52",03.06.2023
26,PFER02,PORK HUMERUS BONE 10kg/ctn,FP,"20,124.20",1.12,"22,543.92",20.05.2023
27,PLEG03,PORK LEG (MJ-SPAIN),FP,"31,497.51",3.33,"104,838.52",22.05.2023
28,PLOI08-02,PORK LOIN 8mm 5kg/pkt,FP,0.05,4.8,0.24,31.05.2022
29,PM-09,PORK MINCED GRIND TWICE 5KG/PKT,FP,580,3.3,"1,913.90",14.06.2023
30,PREC02,PORK RECTUMS (WESTFLEISCH-GERMANY) 16kg/ctn,FP,"4,302.00",4.29,"18,455.90",18.04.2023
31,PS-04,PORK LEG SLICED 8mm 2kgX5pkt,FP,524,3.71,"1,944.56",14.06.2023
32,PSPA03,PORK- SPARERIB CUT 4''(SULINA) 5kgx2pkt,FP,88.2,5.59,493.07,15.06.2023
33,SAUCE-20B,SWISS BEAR TOMATO SACHET 1500PCS X 9GM,FP,3,34,102,10.08.2021
34,SCL002,SEAFOOD- IMITATION SCALLOP 250gm,FP,83,2.01,166.87,10.05.2022
35,SCP001,SEAFOOD- CUTTLEFISH PASTE 1kg x 30pkt,FP,129,5.91,762.3,19.06.2023
36,SOYS09,SEAFOOD- OYSTER SS 7-9g 10x1kg/ctns,FP,"3,741.00",5.27,"19,705.72",18.10.2022
37,SPR001-02,SEAFOOD- PRAWN MEAT PTO 31/40 10X1KG/CTNS (A121/122),FP,30,7.5,225,21.06.2023
38,SSK003,SQUID- SQUID SKEWER 150-200GM 11pcs/pkt 8x2kg/ctns,FP,322,16.77,"5,398.99",18.04.2023
39,SVA004-06,SEAFOOD- VANNAMEI HOSO COOKED 41-50 10X1pkt/ctn (AA-MESTI),FP,360,10.33,"3,718.70",20.06.2023
40,SWC006-02,SEAFOOD- BAMBOO CLAMS 6/8 10X1kg/ctn,FP,138,4,552,03.06.2023
41,BFQ002,BEEF FOREQUARTER B/LESS (SWIFT-HALAL),FP,-70,4.94,-345.8,10.05.2023
42,BGC001,BEEF- LEG OF BEEF without GOLDEN COIN (MONDELI),FP,"8,119.85",12.64,"102,632.70",21.07.2022
43,BKN005,BEEF KNUCKLE CUBE 5KG/PKT,FP,421,5.3,"2,231.30",07.06.2023
44,BMM003-02,WAGYU BEEF MELTIQUE CUBE 500GM/PKT,FP,233,13.8,"3,215.40",13.06.2023
45,BMS008,BEEF MEAT SLICED 8MM 2kg/pkt,FP,8,8,64,21.04.2023
46,BSR001,BEEF SHORTRIB BONE IN 500GM/PKT,FP,126,12,"1,512.00",27.09.2022
47,CBSL04,CHICKEN BREAST SKINLESS (SEARA) 2kgX6pkt,FP,578,5.23,"3,025.10",27.03.2023
48,fgr001-02,FISH- GROUPER 8-10pcs 2kgX 5pkt,FP,139,3.2,444.8,29.04.2023
49,FSF006,FISH- SUTCHI STEAK 90-110gm 2kgX5pkt,FP,510,2.77,"1,413.97",10.03.2023
50,MFL001,MUTTON- LAMB FLAP BONE IN 24KG/CTNS (ALLIANCE-AUST),FP,444.1,7.8,"3,463.98",22.02.2023
51,MLS001,MUTTON- LAMB SHANK (FINE),FP,48.26,8.01,386.57,14.01.2022
52,OCP004-02,OTHER- CHICKEN PATTIES (PRIMO-ROSEMARY) 420gmX15pkt,FP,180,4.4,792,06.06.2023
53,OHD014,OTHER- CHICKEN SAUSAGE JUMBO 20X1pkt/ctn,FP,2,10.5,21,31.12.2019
54,OOI015G,OTHER- CONCENTRATED CHICKEN BOUILLION 6X1L/CTNS,FP,6,7.15,42.88,21.10.2021
55,OOP002,OTHER- PLASTIC-TAKE AWAY PAPER LUNCH (PLAIN) 50s,FP,1,40.5,40.5,22.11.2021
56,OPO005-02,OTHER- CHICKEN FINGERS HOT & SPICY 800gmX14pkt,FP,"1,871.00",3.9,"7,295.56",01.06.2023
57,OSS006,OTHER- AROMAT(KNORR) 2.25KG,FP,3,22,66,05.02.2022
58,OTO001,OTHER- CHEESE TOFU FIGO (500gm x 20pkt),FP,"2,502.00",3.04,"7,593.58",15.06.2023
59,PBEL18,PORK BELLY SLICED 1.5CM 5kgX2pkt,FP,595,5.05,"3,002.74",12.06.2023
60,PBEL19-04,S/LESS PORK BELLY SLICED 4mm,FP,30,7.71,231.33,29.12.2022
61,PBEL19-05,SKINLESS PORK BELLY SUKIYAKI 250gmX20pkt,FP,110,6.5,715,15.06.2023
62,PBEL21-06,PORK BELLY SLICED 6MM,FP,18.5,5.3,98.05,15.06.2023
63,PCOS02,PORK COLLAR 2inch x 6mm,FP,88,4.3,378.4,27.05.2023
64,PCOS03-02,PORK COLLAR SHABU SHABU 1KG/PKT,FP,30,4.4,132,20.02.2023
65,PFEE01-05,PORK- PORK TROTTER 12kg/ctns (KR-AUST),FP,"7,899.80",1.52,"11,993.97",07.11.2022
66,PLEG01,PORK LEG 90CL 25kg/ctn,FP,"27,011.81",3.49,"94,309.62",25.01.2023
67,PLOI08-01,PORK LOIN SLICED 4mm 10X2KG/CTNS,FP,176,4.5,792,15.06.2023
68,PSTC01,PORK STOMACH SLICED 2KG/PKT,FP,356,6.85,"2,438.60",02.06.2023
69,SCA007-03,SEAFOOD- BOILED SEA SCALLOP MEAT 120/150 1kgX10pkt,FP,658,8.51,"5,597.14",12.01.2023
70,SCS002,SEAFOOD- CRAB STICK 40pkt/ctns (CHINA),FP,"1,002.00",0.95,951.9,12.06.2023
71,SJF002,SEAFOOD- JELLY FISH (CHUKA KURAGE) 100GM KANIKA,FP,32,2.84,90.81,04.10.2021
72,SPH002,SEAFOOD- PRAWN HEAD/SKIN 8x2kg/pkt,FP,140,2,280,16.12.2022
73,SVA003,SEAFOOD- VANNAMEI HOSO IQF 51/60 10X1kg,FP,78,6.5,507,17.06.2023
74,BCHO05,BEEF MELTIQUE SIRLOIN STEAK 200GM/PCS,FP,773,5.99,"4,629.40",17.05.2023
75,BPA004,BEEF BURGER PEPPER & ONION (PRIMO SADIA) 15X420gm,FP,60,4.4,264,15.04.2023
76,BSR002-01,BEEF SHORTRIB BONELESS SELECT-SWIFT,FP,16.42,42.8,702.78,23.05.2023
77,CSLI02-04,CHICKEN SLICED W/O SKIN 8MM 12kg,FP,6,3.3,19.8,10.02.2022
78,CSLI08-03,CHICKEN SLICED SHABU SHABU 12X300gm/pkt BUTHER'S RIDGE,FP,147,2.8,411.6,08.06.2023
79,CSPR03-01,CHICKEN- SPRING CHICKEN 800gm (PD) 9.6kg/ctn,FP,3,42.24,126.72,20.11.2022
80,FBF002,FISH- BREADED POLLACK FILLET (WHITE CRUMBS) 10pcs/pkt,FP,299,2.38,711.65,07.06.2023
81,FBP010,FISH- WHITE POMFRET FRESH-SMALL,FP,"6,034.00",3.18,"19,182.88",01.07.2022
82,FCS007-02,"FISH- COD FILLET WHOLE - HEADLESS,TAIL LESS",FP,13.76,45.02,619.5,05.08.2021
83,FHS001,FISH- HALIBUT STEAK 300GM/PCS 15PCS/CTNS,FP,52.1,15.46,805.62,15.09.2020
84,FPD001-01,FISH- PACIFIC DORY 6KG/CTNS **GREY/BLACK**,FP,61,23.74,"1,448.36",14.12.2021
85,FRG004,FISH- RED GORLY 6-8pcs 5kgX2pkt,FP,226,3.2,723.13,13.06.2023
86,FSF010-08,FISH- SUTCHI FILLET BUTTERFLY CUT 500-700gm 10kg/ctn,FP,"5,121.50",2.94,"15,054.64",26.05.2023
87,OAB002,OTHER- ABALONE SLICED 30pkt/ctn,FP,"1,713.00",1.91,"3,275.73",15.06.2023
88,OCP008,OTHER- UNBREADED CHICKEN PATTIES 7boxes/ctn*40pcs/box,FP,9,15.8,142.2,13.10.2022
89,OFF003-03,OTHER- F.FRIES CRINKLE CUT (MYN) 1x10kg/ctn,FP,"2,364.00",2.27,"5,367.52",08.05.2023
90,OPO013-02,OTHER- CHICKEN BREADED MID WING (FARMPRIDE) 20X350gm/ctn,FP,84,2.97,249.23,09.05.2023
91,ORH001,OTHER READY TO HEAT TILAPIA W/PICKLED VEG CHILI 750GM,FP,5,7.5,37.5,26.10.2020
92,OSR002,OTHER- VEGETABLE MINI ROLL 96pcs/pkt,FP,11,8.57,94.29,19.06.2023
93,OTO010,OTHER- OTAK PRAWN 180GM (100pkt/ctn),FP,85,2.3,195.5,30.04.2023
94,OYKD02,OTHER- YAKIDORI CHICKEN LEG MEAT 10pcs X 30pkt,FP,23,3.9,89.7,16.06.2023
95,PBAL03,PORK BALL (LION DANCE) 100'S/KG,FP,239,8.5,"2,031.46",08.06.2023
96,PBRB04-02,PORK BRISKET BONE (SMITHFIELD-USA) 13kg/ctn,FP,-2,51.72,-103.43,10.05.2023
97,PHOC12,PORK HOCK S2 350-400gm 5KGX2PKT/CTNS,FP,968,2.6,"2,516.99",14.06.2023
98,PKID03,PORK KIDNEY SLICED (SPAIN) 20kg/ctn,FP,286,2.28,652.35,26.04.2023
99,PM-03,PORK- MINCED PORK AA 6X2KG/CTNS,FP,826,3.3,"2,725.80",14.06.2023
100,PRIB05-01,PORK RIBLETS CUBE 2-2.5' 5kgX2pkt,FP,9,3.6,32.4,15.06.2023
101,PSPA07,PORK- SPARERIB (WESTVLESS) 10kg/ctn,FP,1,5.2,5.2,17.06.2023
102,PSPA10,PORK- SPARERIB 500gmX20pkt (SULINA),FP,286,4.2,"1,200.94",08.06.2023
103,PTAI03,PORK TAIL 18kg/ctn (JOBSTL),FP,941.1,1.5,"1,411.65",22.02.2023
104,SAUCE-47,SAUCE - CURRY SAUCE KAM LONG 1KG,FP,23,5.4,124.2,23.03.2023
105,SPH003,SEAFOOD- PRAWN HEAD/SKIN 6X2kg/pkt,FP,2,1.7,3.4,12.05.2023
106,SPR003-05,SEAFOOD- PRAWN MEAT PTO 51/60 (OCEAN ON THE ROAD) 10X1kg/pkt,FP,"3,032.00",5.96,"18,059.08",09.06.2023
107,SVA004-02,SEAFOOD- VANNAMEI HOSO COOKED 51/60 10X1kg,FP,428,10.99,"4,704.33",10.06.2023
108,SVL006-02,SEAFOOD- VANNAMEI PND (TWIN FISH) 21/25 10X1kg,FP,197,8.25,"1,625.10",01.03.2023
109,BFC003,BEEF FLOSS 2KG/PKT,FP,100,7.8,780,15.04.2023
110,BKN001-01,BEEF KNUCKLE (SWIFT-SA),FP,-133,7.59,"-1,009.35",20.06.2023
111,BKN002-02,BEEF CUBE 2' X 2' 20KG/CTN,FP,241,6.78,"1,634.66",16.05.2023
112,BMM001-02,BEEF TRIMMING WAGYU GF 65%,FP,30,6,180,20.04.2022
113,CCUB06,CHICKEN CUBE 2kgX6pkt,FP,346,4.21,"1,456.23",15.06.2023
114,CFEE04,HOUSE BRAND:FRIED CHICKEN FEET (UF) 400GMX10PKT,FP,62,2,124,15.06.2023
115,CFIL04,CHICKEN FILLET (PERDIGAO) 12X1kg,FP,10,4.4,44,06.05.2023
116,CSLI06,CHICKEN SLICED 1cm 2kgX6pkt,FP,508,4.21,"2,137.90",27.05.2023
117,FCS002-04,FISH- SALMON FROZEN PORTION 450-500GM/PKT,FP,6,9,54,20.11.2021
118,FSB002-03,FISH- FRESH SEABASS 500-600GM (MALAYSIA),FP,191.33,6.77,"1,295.93",21.06.2023
119,FSF0010-04,FISH- SUTCHI CUBE 30GM FINE CATCH (DL 396) 6kg/ctn,FP,"1,605.00",13.8,"22,150.23",26.05.2023
120,FSF006-04,FISH- SUTCHI STEAK 60-80gm (TWIN FISH/BIG FISH) 10X1kg/ctn,FP,630,3.07,"1,934.09",22.05.2023
121,MKI002,MUTTON- SHEEP LIVER,FP,45.3,6.8,308.04,10.04.2023
122,OHD006,OTHER- CHICKEN COCKTAIL SAUSAGE 500gmX20pkt (CHEESE),FP,2,1.75,3.5,04.12.2022
123,OKR003,OTHER- GLUTINOUS RICE CAKE (260g) 20PKT/CTNS,FP,833,2.43,"2,024.19",05.06.2023
124,OOP003,OTHER- PLASTIC-TAKE AWAY 1150CC PAPER BOWL,FP,2,54,108,04.02.2022
125,OPN001,OTHER- PRAWN NUTS 1kg/pkt,FP,-1,12.85,-12.85,04.06.2023
126,OPO011,OTHER- SUPER CRISPY CHICKEN (CS TAY) 6X1kg,FP,-12,8.5,-102,07.06.2023
127,PBEL21-07,PORK BELLY SLICED 4MM!!! 2kg/pkt,FP,170,5.5,935,15.06.2023
128,PCHI04,PORK LARGE CHITTERING COOKED SE 3X6KG/CTNS,FP,446,3.6,"1,605.60",30.05.2023
129,PHCU01,PORK HOCK CUBE A 5KGX2PKT/CTNS,FP,"14,940.00",2.54,"37,980.26",14.06.2023
130,PHEA02,PORK HEARTS SLICED,FP,469,1.72,807.5,25.10.2022
131,PHOC06,PORK HOCK C2 (15-16pcs) 13.61KG/CTNS,FP,18,35.47,638.51,08.06.2023
132,PHOC10,PORK HOCK S2 250gm 60pcs 15kg/ctn,FP,636,2.69,"1,712.40",24.05.2023
133,PSWR02,PORK- PORK SWEET RUNNERS 15KG/CTNS (AUST),FP,114.17,9.5,"1,084.62",13.06.2023
134,SAUCE-06,YAKINIKU BBQ SAUCE,FP,11,9.72,106.97,21.12.2021
135,SAUCE-44,STEAM FISH - BLACK BEAN SAUCE 32PKT/CTNS,FP,36,2.89,104.15,25.02.2021
136,SHI007,SEAFOOD- SHRIMP SLIDE ORANGE BOX (150g x 30pkts),FP,"7,626.00",2.02,"15,375.92",01.07.2022
137,SVA003-02,SEAFOOD- VANNAMEI HOSO IQF 51/60 5X1kg,FP,245,7.31,"1,790.96",01.12.2022
138,SVA008-02,SEAFOOD- VANNAMEI HOSO SEMI IQF 41-50pcs 1kgX10pkt,FP,57,6.9,393.3,13.06.2023
139,SVA008-04,SEAFOOD- VANNAMEI HOSO 41-50pcs A&O 10x1pkt/ctn,FP,334,7.51,"2,508.78",25.05.2023
140,SVL003-02,SEAFOOD- VANNAMEI PND 51/60 10X1kg,FP,"1,700.00",6.05,"10,276.50",27.06.2022
141,SVL008,SEAFOOD- VANNAMEI PND-IQF 16/20 10X1kg,FP,"2,008.00",8.69,"17,452.83",27.06.2022
142,SWC001,SEAFOOD- WHITE CLAM 40/60 or 60/80 10X1KG/CTNS,FP,117,3.8,444.09,06.03.2023
143,BFT006,BEEF PADDY WACK (QUALITY BEEF),FP,118.15,3.2,378.09,31.05.2023
144,BMI002,BEEF- MINCED BEEF B 2kgX5pkt,FP,124,5.5,681.8,10.06.2023
145,BMS002,BEEF MEAT SLICED 3.3MM 6X2KG/CTNS,FP,680,8,"5,440.90",10.06.2023
146,BOM001-03,BEEF OMASUM BRAZIL,FP,143.49,7.5,"1,076.22",15.06.2023
147,BSP004,BEEF SHORT PLATE BONELESS 2MM 2kg/pkt,FP,241,10.71,"2,580.74",15.06.2023
148,CBLL01-02,CHICKEN BONELESS LEG 200gmUP (SEARA) 2kgX6pkt,FP,"30,972.00",2.49,"77,243.36",15.06.2023
149,CMIN03,CHICKEN- MINCED CHICKEN 300GM X 12PKT (PERDIGAO),FP,200,1.75,350.02,05.06.2023
150,CWIN01-05,CHICKEN WING 75-90gm (SADIA) 15kg/ctn,FP,69,57,"3,933.00",09.01.2023
151,DUCK07-01,DUCK FEET DEBONE 12X1KG/CTNS,FP,190,23.42,"4,450.00",18.05.2023
152,FCS001-02,FISH- SASHIMI SALMON FILLET TRIM,FP,4.63,55.53,257.11,17.06.2023
153,FRS001-02,FISH- RED SNAPPER FISH HEAD FRESH,FP,6.2,12.43,77.04,31.05.2023
154,FSA002-02,FISH- SABA MACKERAL FILLET 36 pcs X 1pcs / ctns,FP,62,4.05,251.26,09.01.2023
155,FSI001,FISH- SHISHAMO 170gm 30pkt/ctn,FP,194,1.8,349.24,17.06.2023
156,FSN002-02,FISH- TOMAN FILLET CUT SLICED (SKIN-ON) 4MM 1kg x 6pkt,FP,"3,758.00",6.67,"25,061.84",11.06.2023
157,MCU001,MUTTON CUBE 5kgX2pkt,FP,50,11.4,570,03.06.2023
158,OCN002,OTHER- CHICKEN NUGGETS 1kgX9pkt,FP,120,3.12,374.93,18.05.2023
159,OFF001-08,OTHER- MALA CRAWFISH TRIPLE CATCH 20-30g 10X750GM/CTNS,FP,"2,604.00",5.89,"15,344.08",07.09.2022
160,OHD001,OTHER- HOT DOG 340GM X 32pkt/ctns,FP,690,0.89,614.15,13.06.2023
161,OHD0012,OTHER- CHICKEN COCKTAIL SAUSAGE(CHEESE) 1kgX12pkt,FP,"1,667.00",3.6,"6,001.20",29.05.2023
162,OHD008,OTHER- HOT DOG 340gm (VALLEY CHEF) 32pkt/ctn,FP,104,2.35,244.4,31.03.2023
163,OPR003,OTHER- SPRING ONION PRATA (PIZZA) 5PCS/PKT,FP,39,3.95,154.06,05.04.2021
164,OSBS02-01,OTHER- STKY BACON SLICED 4.54KG/CTN,FP,264,8.49,"2,242.39",13.05.2023
165,PBAL06,PORK BALL LION DANCE 60'S/KG,FP,29,8.5,246.49,13.06.2023
166,PCOL10-09,PORK COLLAR SLICE-CHESTNUT 30PKT/CTNS,FP,97,3.26,316.05,10.09.2021
167,PCOS04,PORK COLLAR CUT 100-120GM,FP,5.7,4.3,24.51,15.06.2023
168,PLOR03,PORK LOIN SLICED 2kgX5pkt,FP,21,7.19,151.05,01.03.2023
169,PREC03,PORK RECTUMS 3X5kg/ctns,FP,400,6.68,"2,673.61",21.03.2023
170,SAUCE-21B,SAUCE - COLESLAW DRESSING (LADY CHOICE) 4X3L/CTNS,FP,2,11.11,22.21,27.01.2022
171,SAUCE-50,SAUCE - CREAM OF MUSHROOM 6X1KG/CTNS,FP,11,9.93,109.28,10.02.2022
172,SCA001-10,SEAFOOD- SCALLOP 26/30 2kg X 5pkt,FP,299,13.7,"4,096.75",30.05.2023
173,SQU0010,SEAFOOD- TAKO TENTACLES 60-70pcs/kg 10X1KG/CTNS,FP,89,2.53,225.31,06.07.2022
174,SVA007,SEAFOOD-5KG/CTNS VANNAMEI HOSO 31-40pcs,FP,226,7,"1,582.00",17.01.2023
175,SVL001,SEAFOOD- VANNAMEI PND-IQF 31/40 10X1kg,FP,"2,382.00",7.02,"16,724.78",01.03.2023
176,BPA003-02,BEEF BURGER PATTIES CLASSIC 20X320gm,FP,55,3,165,09.06.2023
177,BPA004-01,BEEF BURGER/CHEDDAR CHEESE (PRIMO SADIA) 15X420gm,FP,90,4.4,396,18.03.2023
178,BUNDLE-02,SET B $48 - ABALONE 8's 1cans     +     BAK KUA 500GM X 1pkt,FP,-34,34,"-1,156.00",
179,CBSL14,CHICKEN BREAST STRIP 250GM X 12PKT (PERDIGAO),FP,102,2.8,285.6,17.04.2023
180,CWIN02-08,CHICKEN WING 90gm UP (NAT) 2kgX6pkt,FP,570,3,"1,710.00",20.12.2022
181,CWIN06-03,CHICKEN WING STICK 5kg/pkt,FP,80,1,80,27.03.2023
182,DUCK05-02,DUCK TONGUE 500gm 12kg/ctn,FP,2.8,15.11,42.32,31.05.2023
183,FMI001-01,FISH- MILK FISH 300/500 10kg/ctn,FP,180,3.87,697.09,24.04.2023
184,FSB004,FISH- SEABASS STEAK,FP,210,5.7,"1,197.00",28.07.2022
185,FSF005-02,FISH- SUTCHI STEAK 80-100gm 2kgX5pkt,FP,"1,370.00",2.59,"3,554.10",22.05.2023
186,FSH001-01,FISH- SHARK MEAT CUBE,FP,94.7,5,473.5,21.03.2023
187,OBE001,OTHER- MIX VEGETABLES BEAN (CHINA) 1kgX10pkt,FP,"2,032.00",1.37,"2,780.77",16.05.2023
188,OFF004-03,OTHER- F.FRIES STRAIGHT CUT (SIMPLOT) 1X12pkt,FP,124,3.5,434,15.06.2023
189,OHD012-03,OTHER- PORK SMOKED SAUSAGE WITH SALTED EGG,FP,155,4.6,713.59,08.03.2023
190,OOI016,OTHER- PEPPER BLACK GRIND NO 12 12X1KG/CTNS,FP,1,16.5,16.5,15.12.2021
191,OOI017-03,OTHER- LIME JUICE (THAI) 6X1L/CTNS,FP,3,1.5,4.5,13.12.2021
192,OPC001,OTHER- CHICKEN WITH PANDAN LEAF 50nos/ctns,FP,9,35,315,10.06.2023
193,OWC001,OTHER- WHIPPING CREAM WEST GOLD 12X1L/ctns,FP,9,5.67,51.03,15.06.2023
194,PBAK01,TRADITIONAL BBQ BAK GUA 500gm/pkt,FP,-3,20,-60,15.06.2023
195,PBEL05-17,PORK BELLY SEARA,FP,54.72,4.9,268.13,04.05.2023
196,PBEL26-02,PORK BELLY VALUE PACK (KURO) 500gmX20pkt,FP,105,4.9,514.5,22.05.2023
197,PCOL03,PORK COLLAR BUTTS (COCOVADO) 15kg/ctns,FP,"19,849.80",3.48,"69,050.42",25.01.2023
198,PCOS04-08,PORK COLLAR 6mm (cut 3) 2kg/pkt,FP,18,4.3,77.4,12.10.2022
199,PHOC11,PORK HOCK S2 450-500gm 5kgX2pkt,FP,"1,340.00",2.6,"3,483.73",13.06.2023
200,PSKI01,PORK SKIN 5kg/pkt,FP,"1,336.53",0.9,"1,199.43",16.06.2023
201,PSPA02,PORK- SPARERIB CUT 3''(SULINA) 5kgx2pkt,FP,725,5.46,"3,961.09",15.06.2023
202,PSTO12,PORK STOMACH COOKED 10kg/ctn (ATRIA-FINLAND),FP,454,3,"1,362.00",05.06.2023
203,PTEN05,PORK FILLET/TENDERLOIN 22kg/ctns (PIFPAF),FP,87.29,2.5,218.22,15.06.2021
204,SAUCE-51,SAUCE - PRONTO TOMATO 6X2KG/CTNS,FP,22,4.08,89.72,18.01.2022
205,SBT001,SEAFOOD- BLACK TIGER PTO 21/25 1kgX10pkt,FP,2,15.3,30.6,07.01.2021
206,SCL003,SEAFOOD- SNOW CRAB LEG 450GM/PKT,FP,3,25,75,09.06.2020
207,SEA002,SEAFOOD- SEA CUCUMBER 5pc/1 kg,FP,4,392.04,"1,568.16",11.11.2021
208,SVL004,SEAFOOD- VANNAMEI PND-IQF 71/90 10X1kg,FP,"2,935.00",5.85,"17,159.65",09.06.2023
209,BUNDLE-03,SET B $48 - ABALONE 10's 1cans     +     BAK KUA 500GM X 1pkt,FP,-3,34,-102,
210,CMIJ03-02,CHICKEN- MID JOINT 30gm (PERDIGAO) 1kgX12pkt,FP,622,4.01,"2,497.21",20.12.2022
211,FBA001-01,FISH- WHOLE BATANG 3-5,FP,104.46,5.84,609.9,16.06.2023
212,FSB002-06,FISH-BUTTERFLY!! FRESH SEABASS 700-800GM - BUTTERFLY,FP,76.44,6.79,519.19,18.06.2023
213,FSF010-02,FISH- SUTCHI FILLET 400-600gm 7kg/ctn (U CATCH),FP,"1,059.00",19.37,"20,509.34",12.02.2023
214,MCB001,MUTTON CUBE BONE IN 5kgX2pkt,FP,45,8.72,392.56,20.06.2023
215,MSL004,MUTTON SLICED 4MM (SHABU SHABU) 1kg/pkt,FP,113,11.5,"1,299.50",29.05.2023
216,OAB004,OTHER- CHINA CANNED ABALONE (185gm),FP,8,7.5,60,27.10.2022
217,OBS001,OTHER- FRIED BEANCURD SKIN 1KG/PKT (DOUKEE) A,FP,298,8.2,"2,443.57",21.06.2023
218,OCN004,OTHER- CHICKEN NUGGETS (FARMPRIDE) 1kgX10pkt,FP,13,5,64.99,06.06.2023
219,OCO002,OTHER- SWEET CORN KERNEL (CHINA) 1kgX10pkt,FP,799,1.74,"1,388.03",11.05.2023
220,OCP002,OTHER- CHICKEN BURGER BREADED (FARMPRIDE) 375gmX18pkt,FP,128,3,383.85,01.06.2023
221,ODB003-02,OTHER- LOTUS LEAF BUN 28g x 10's,FP,28,1.4,39.2,19.06.2023
222,OED001,OTHER- EDAMAME IN SHELL 400GM X 25PKT,FP,176,1.1,193.6,17.06.2023
223,OFC005,OTHER- THAI FISH CAKE FIGO 500gm/pkt x 20pkt/ctns,FP,325,2.6,844.58,15.06.2023
224,OFR002,OTHER- NEW I'M FRIED RICE 250GM BULGOGI,FP,4,3.8,15.2,06.01.2022
225,OHD012-05,OTHER- PORK SAUSAGE,FP,101,1.5,151.5,10.03.2023
226,OMO006,OTHER- MOZZARELLA STICK BREADED ORGINAL 10X1KG,FP,17,15,255,15.06.2023
227,OOI009,OTHER- CHILLI POWDER 500GM,FP,5,2.94,14.68,07.04.2021
228,OOP006,OTHER- PLASTIC-TAKE AWAY BIOCORN KNIFE 20*50PC,FP,1,30,30,29.12.2021
229,OSM001,OTHER- CUURY SAMOSA 20gmX96pcsX8box,FP,3,9,27,19.06.2023
230,OTO001-02,OTHER- SANDWICH TOUFU 200gm/pkt,FP,620,0.83,516.67,12.04.2023
231,OTO008-02,OTHER- OTAK BUN 6PCS 12PKT/CTNS 270GM,FP,165,2.54,419.32,01.06.2023
232,PIGS05,FROZEN SUCKLING PIG 4/5KG,FP,22,70.91,"1,560.00",26.09.2019
233,PLES06,PORK LEAN VALUE PACK 500gmX20pkt,FP,40,3.5,140,01.04.2023
234,PLOI01,PORK LOIN PIF PAF/MABELLA 18kg/ctn,FP,-658,3.78,"-2,488.04",16.05.2023
235,PRIB05,PORK RIBLETS CUBE S 5kgX2pkt,FP,"1,900.00",2.5,"4,750.00",14.06.2023
236,PTAI01-02,PORK TAIL CUT CUBE A,FP,121,6,726,13.06.2023
237,PTON01,PORK- PIG TONGUE (SPAIN) 15kg/ctn,FP,237.8,3.5,832.52,23.02.2023
238,PTRI02,PORK TRIMMING FRESH,FP,-232.9,3,-698.7,21.06.2023
239,SAUCE-46,STEAM FISH - SPECIAL SAUCE 32PKT/CTNS,FP,58,3.3,191.4,26.11.2020
240,SMU002,SEAFOOD- WHOLE SHELL COOKED MUSSEL 40-60 10X1kg/pkt,FP,65,4.5,292.5,07.01.2023
241,SOYS11,SEAFOOD- OYSTER 7-9gUP (U CATCH) 10X1kg/pkt,FP,35,1.8,63,28.12.2022
242,SVL005-02,SEAFOOD- VANNAMEI PND 91/120 10X1kg,FP,"3,254.00",5.41,"17,605.07",27.06.2022
243,BCT002,BEEF CHUCK TENDER SLICED 1.5MM,FP,116,8.5,986,30.05.2023
244,BMM004,BEEF STRIPLOIN (MELTIQUE-AUST),FP,18.39,26,478.16,12.06.2023
245,BRE003-04,BEEF RIBEYE SHABU SHABU 2MM 500GM/PKT,FP,338,6.2,"2,095.60",29.05.2023
246,BSH004-02,BEEF SHIN CUBE 4CM X 4CM X 5CM,FP,39.1,7.2,281.52,15.04.2023
247,BSL001-05,CHILLED BEEF STRIPLOIN PS NZ SILVERFERN,FP,12.18,19.5,237.51,15.04.2023
248,CCUB01,CHICKEN CUBE A 5kg/pkt,FP,"1,068.00",3.2,"3,417.60",15.06.2023
249,CPAW02,CHICKEN PAW 35gm 20kg/ctns,FP,2,3.3,6.6,18.03.2020
250,CWHO01,CHICKEN- WHOLE CHICKEN 1100gm 11kg/ctn,FP,"8,798.90",3.88,"34,107.64",13.06.2023
251,DUCK01-04,DUCK- HALAL FRESH WHOLE DUCK (Est.3.56kg/pcs),FP,110.36,5.16,569.46,13.06.2023
252,FSF004-08,FISH- SUTCHI FILLET 400-600gm 6kg/ctn (TWIN) DL 478,FP,"3,760.00",14.93,"56,147.92",11.06.2023
253,OAB005,OTHER- AUSTRALIAN F1 ABALONE (140gm),FP,"1,028.00",13.98,"14,366.51",15.06.2023
254,OBA0112,OTHER- FRIED VEGETABLE BALL 500gm/pkt,FP,264,1.79,472.92,27.01.2022
255,OBOX001,OTHER- FOAM BOX,FP,"1,340.00",1.5,"2,010.00",28.10.2022
256,OCA001,OTHER- CAULIFLOWER 5X2KG/CTNS,FP,288,1.61,463.82,22.05.2023
257,OCN005,OTHER- CHICKEN NUGGETS BATTER (FARMPRIDE) 500gmX18pkt,FP,193,3.49,673.74,21.06.2023
258,ODU016,OTHER-FISH & SOY ROLL 10PCS X 300GM,FP,233,1.54,359.58,01.06.2023
259,OFF001-11,OTHER- ORGINAL COOKED WHOLE CRAWFISH 10X1KG/CTNS,FP,"2,153.00",6.4,"13,789.29",07.09.2022
260,OMI002,COW HEAD MILK 12X1L/CTNS,FP,64,1.25,80,10.01.2022
261,OMO005,OTHER- MOZZARELLA STICK BREADED ORGINAL 12PCS/PKT X 24PKT/CTNS,FP,36,4.2,151.2,10.04.2023
262,OPO015-03,OTHER- CRISPY CHICKEN STRIPES 18X350GM/CTNS,FP,39,3.95,154.05,20.04.2023
263,ORM008,OTHER- INSTANT NOODLES - E ZEE,FP,18,17,305.99,09.06.2023
264,OSR002-03,OTHER- VEGETABLE MINI ROLL 20'S 20pkt/ctn,FP,17,2.7,45.9,08.02.2021
265,PBEL10-02,PORK BELLY CUBE 7MM X 7MM 8kg/pkt,FP,844,5.29,"4,460.84",09.06.2023
266,PBEL11,PORK BELLY SKINLESS CUBE 5kg/pkt,FP,97,5.86,568.08,07.01.2023
267,PCHB01,PORK CHOP BONE IN 5kgX2pkt,FP,360,3.52,"1,265.85",15.06.2023
268,PCHB02,PORK CHOP BONE IN 150gm 10kg/ctns,FP,2,3.9,7.8,31.03.2023
269,PCOL10-01,PORK COLLAR IBERICO (JARMONDOR-SPAIN),FP,16.61,20.57,341.63,13.06.2023
270,PHES06,PORK- PORK WHOLE HEAD,FP,5,5,25,20.06.2020
271,PM-01,PORK- MINCED PORK 6X2KG/CTNS,FP,"1,476.00",3.3,"4,870.80",15.06.2023
272,PRIB08,PORK RIBLETS CUT 2-2 1/2' 5kgX2pkt,FP,"3,953.00",4.5,"17,788.48",14.06.2023
273,PSHO06,PORK SHOULDER BUTT KURO 500gm X 20pkt,FP,40,4.6,184,04.04.2023
274,PSPA09,PORK- SPARERIB WVL INTERN Z/BORSTBEEN B/O (BE 93 E/G),FP,858,3.59,"3,082.20",09.05.2023
275,PTAI01,PORK- PIG'S TAIL BONE 15kg/ctns,FP,10,2.5,25,10.03.2022
276,RICE07,RICE- ROYAL UMBRELLA RICE 25KG,FP,19,39.6,752.4,24.05.2023
277,SAUCE-08,TRUFFLE AIOLI 360ML/BTL,FP,3,14,42,26.04.2023
278,SAUCE-19,SWISS BEAR CHILI SAUCE 12X1KG/CTNS,FP,29,1.63,47.35,05.02.2022
279,SAUCE-20D,HEINZ CHILLI SACHET 1000PCS X 9GM,FP,3,33,99,10.01.2022
280,SAUCE-49,SAUCE - ITALAIN HERB PASTE 6X1.5KG/CTNS,FP,5,16.6,83,18.12.2020
281,SAUCE-55,SAUCE- BLACK PEPPER SAUCE 100GM/PKT,FP,11,2.5,27.5,12.11.2021
282,SAUCE-58,SAUCE- BBQ SAUCE 100GM/PKT,FP,7,2.5,17.5,05.11.2021
283,SBT002,SEAFOOD- BLACK TIGER PTO 26/30 1kgX10pkt,FP,32,13.11,419.64,19.06.2023
284,SCR001-01,SEAFOOD- CRAB MEAT 500gmX24pkt,FP,100,5.86,585.88,15.05.2023
285,SCS001,SEAFOOD- CRAB STICK 40pkt/ctns (ORANGE STICK-MALAYSIA),FP,"1,898.00",0.96,"1,819.44",13.06.2023
286,SLB012-02,SEAFOOD- LOBSTER TAIL 500GM/PKT,FP,8,8.8,70.4,02.12.2021
287,SOT001,SEAFOOD- SOTONG BALL 36's 12x780gm/pkt,FP,98,8.57,839.44,13.06.2023
288,SOT005,SEAFOOD- CRAB BALL 50pcs x 10pkt (700gm+-),FP,2,3.5,7,15.06.2023
289,SQU005-02,SEAFOOD- BABY SQUID 500GM/PKT,FP,35.7,6.64,237.16,27.01.2022
290,SWC001-02,SEAFOOD- CLAM MEAT 500GMX20PKT/CTNS,FP,"1,720.50",3.95,"6,789.01",23.11.2020
291,BMS001,BEEF SHABU SHABU 500GM/PKT,FP,2,8.8,17.6,23.11.2022
292,CCUB03,CHICKEN CUBE W/O SKIN 2kgX6pkt,FP,24,5.7,136.8,15.06.2023
293,CWIN02-06,CHICKEN WING 90gm UP (NAT) 2kgX6pkt,FP,290,3.17,919.18,20.12.2022
294,FBA005,FISH- BATANG FISH HEAD,FP,50,1,50,25.06.2022
295,FKU003,FISH- KUNING 31-35pcs  2kgX5pkt,FP,18,2.8,50.4,27.01.2023
296,FPD001-02,FISH- WHITE SUTCHI FILLET 3kgX2pkt/ctn,FP,2,2,4,28.11.2021
297,FSB006,FISH- SEABASS PORTION CUT 250GM/PKT **PKT,FP,32,2.47,78.93,01.04.2023
298,FSE002,"FISH- COD FISH WHOLE FISH,,HEADLESS 5-6kg",FP,135.02,36.7,"4,955.24",21.03.2022
299,OBA001,OTHER- LOBSTER BALL (MUSHROOM) 500gm/pkt,FP,802,3.03,"2,434.06",08.06.2023
300,OCP006-02,OTHER- CHICKEN PATTIES CLASSIC 20X320gm,FP,57,3,171,22.05.2023
301,OCP009,OTHER- CHICKEN PATTY (KESKINOGLU-TURKEY) 10X1KG/CTNS,FP,"2,658.00",2.97,"7,906.16",28.10.2022
302,OHD007-01,OTHER- HOT DOG 300gm (BLACK PEPPER-AYAMAS) 32pkt/ctn,FP,"1,504.00",1.5,"2,256.24",29.05.2023
303,OKO002,OTHER- KOMBU/KELP SLIK L 8KG/CTNS,FP,605,17.47,"10,569.14",31.03.2023
304,OMT002,OTHER- MAN TOU 9s 180GM/PKT X 24PKT/CTNS (LEEFOOD),FP,224,1.11,248.97,05.04.2023
305,OOI012-02,OTHER- BLACK TRUFFLE SALT 100GM/BOT,FP,1,12,12,13.11.2021
306,OPN002,OTHER- CRAB NUGGETS 45's 450gm X 20pkt,FP,82,2.43,199.5,11.09.2020
307,OPO003,OTHER- CHICKEN BUFFALO WING 450gmX12pkt (FARMPRIDE),FP,214,4.25,909.46,21.06.2023
308,OPO004,OTHER- CHICKEN DRUMMETS BREADED HOT & SPICY 850gmX10pkt,FP,73,5.85,427.02,22.05.2023
309,OSA005-02,OTHER- TAIWAN CHICKEN SAUSAGE (SHORT) 500gmX20pkt/ctns,FP,207,4.4,910.98,16.06.2023
310,OTO004,OTHER- SEAFOOD TOFU FIGO (500gm x 23pcs),FP,827,3.04,"2,511.56",15.06.2023
311,PBEL19-03,S/LESS PORK BELLY SLICED 3mm,FP,414,6.7,"2,774.67",01.06.2023
312,PBEL33-01,PORK BELLY IBERICO CAMPOVILLA EG10 6BLK/CTN,FP,3,3.98,11.94,06.11.2021
313,PCUB04,PORK SWEET & SOUR VALUE PACK 500gm X 20pkt,FP,100,4,400,22.05.2023
314,PFAT10,PORK CUTTING FAT HOLLAND-189,FP,"23,912.62",2.34,"56,028.88",15.06.2023
315,PFEE01-02,PORK- PORK HIND FEET (FRIMESA) 20KG/CTNS,FP,"5,285.60",0.89,"4,692.29",06.09.2022
316,PLEM02,PORK LEG MUSCLE 500gm X 20pkt,FP,83,7.5,622.51,20.06.2023
317,PLOI04,PORK LOIN (SULINA-SA) 25kg/ctn,FP,769.9,3.82,"2,944.39",25.05.2023
318,PLOI07,PORK LOIN BONELESS 500gmX20pkt,FP,68,4.15,282.05,05.04.2023
319,PS-01,PORK LEG SLICED A 2kgX5pkt,FP,312,3.4,"1,060.80",15.06.2023
320,PTRI04,PORK TRIMMING 55% (CANADA) 25kg/ctn,FP,150.7,2.93,441.67,30.05.2023
321,SCB001,SEAFOOD- CRAB BITE 1kgX10pkt,FP,239,4.8,"1,147.05",17.06.2023
322,SPR002-03,SEAFOOD- PRAWN MEAT PTO 41/50 10X1kg/pkt,FP,"1,856.00",6.12,"11,358.44",09.06.2023
323,SSK002,SQUID- SQUID SKEWER 250GM 10PCS/PKT 5BAG X 2.50kg/pkt,FP,227,14.5,"3,290.45",06.02.2022
324,BFC001,BEEF FATS WAGYU,FP,264,4,"1,056.00",30.05.2023
325,BRE002,BEEF RIBEYE STEAK 190-220gm,FP,68.4,11,752.4,15.06.2023
326,CCUR01,CHICKEN- CURRY CHICKEN A 5kgX2pkt,FP,"4,474.00",2.8,"12,527.15",14.06.2023
327,CSLI01-01,CHICKEN SLICED 3mm 2kgX6pkt,FP,142,4.2,596.46,01.06.2023
328,CSLI01-02,CHICKEN SLICED 6mm 5KG/PKT,FP,145,4.8,696,21.05.2022
329,DRINK001,SOFTDRINK- COKE 24CANS,FP,11,10.34,113.7,21.10.2021
330,FSB002-02-02,FISH- FRESH SEABASS 800-900GM,FP,166.02,6.67,"1,108.18",20.06.2023
331,MFL004-02,MUTTON- LAMB FLAP BONELESS (WOODWARD),FP,11.5,8.04,92.41,31.12.2022
332,OBA008,OTHER- FRESH FISH ROE DUMPLING 500gmx24pkt,FP,60,6.3,378,13.06.2023
333,OCS001,OTHER- CHAR SIEW CUBE 1kg/pkt,FP,207,2.75,569.24,12.06.2023
334,OHD002,OTHER- HOT DOG 340gm (KESKINOGLU-TURKEY) 28pkt/ctn,FP,"27,828.00",0.62,"17,238.76",15.06.2023
335,OME003,OTHER- MENTAIKO TUBE 500GMX10PKT/CTNS,FP,9,16.5,148.5,10.08.2022
336,OOI003-01,OTHER- JOSS OIL 6X2L,FP,1,7.5,7.5,20.01.2022
337,OOI012,OTHER- TABLE SALT 500GM/PKT,FP,3,0.45,1.34,20.01.2022
338,OSO004-02,OTHER- SPECIAL SAUCE CLAMS LALA 500GMX24PKT/CTNS,FP,9,4.15,37.35,15.06.2023
339,PBEL14-02,VACUM PACK P.BELLY SHABU SHABU 500gm/pkt,FP,5.1,5,25.5,28.11.2021
340,PBRO02,PORK- SICHUAN MARINATE PORK BELLY MEAT 500gm/pkt,FP,10,12,120,21.06.2022
341,PCHI03,PORK LARGE COOKED INTESTINE ICP-SPAIN 10KG/CTNS,FP,"10,898.00",2.54,"27,652.94",27.03.2023
342,PCOS01,PORK COLLAR SLICED 12kg/ctn,FP,853,3.8,"3,241.40",14.06.2023
343,PHES02,PORK- PIG MASK WITH MEAT - BIG (TL / JMS) 5PCS/CTNS,FP,33,3.5,115.49,22.04.2023
344,PLOI10,PORK LOIN MINCED / TRIMMING,FP,263.66,2.8,738.24,15.04.2023
345,SAK003,SEAFOOD- FROZEN ANG KA PRAWN (HOSO) 21/30 12X1KG/CTNS,FP,80,10.5,840.03,22.04.2023
346,SAUCE-48,SAUCE - BROWN SAUCE MIX 6X1KG,FP,12,8.25,99,10.02.2022
347,SAUCE-59,SAUCE- BROWN SAUCE 100GM/PKT,FP,5,2.5,12.5,18.11.2021
348,SOT003-01,SEAFOOD- CUTTLEFISH BALL (FIGO) 400GMX30PKT/CTNS,FP,503,2.68,"1,345.90",08.06.2023
349,SSC001-01,SEAFOOD- SOFT SHELL CRAB 50/70GM 5kg/ctns,FP,8.8,14.02,123.35,10.06.2023
350,SSK001,SQUID- SQUID SKEWER 50GM 5X1KG/CTNS,FP,"1,758.00",14.01,"24,637.76",25.08.2021
351,SVA0010,SEAFOOD- FRESH TIGER HOSO 31-40,FP,31,10.87,336.92,31.12.2021
352,SVA002-07,SEAFOOD- BLACK TIGER HOSO 31-40pcs A&O 10x1pkt/ctn,FP,59,8.3,489.7,29.03.2023
353,BEER01,BEER- HEINEKEN 490ML X 24CANS/CTNS,FP,37,3.44,127.19,21.10.2021
354,BFQ001,BEEF FOREQUARTER B/LESS 27kg/ctns (MONDELI BRAZIL-HALAL),FP,233.47,6.72,"1,569.69",15.04.2023
355,BMM003,WAGYU BEEF MELTIQUE CUBE 2CM X 2CM (5KG/PKT),FP,200,28,"5,600.00",13.06.2023
356,BMS008-01,BEEF MEAT SLICED 2MM X 3' X 1.5' 2KG/PKT,FP,"1,308.00",8,"10,464.00",14.06.2023
357,CCUR02,CHICKEN- CURRY CHICKEN S 5kgX3pkt,FP,110,2.67,293.45,09.06.2023
358,CGIZ03,CHICKEN GIZZARD PERDIGAO/ALLIZ 12 X 1KG,FP,"1,012.00",2.57,"2,604.40",30.05.2023
359,CWIN17,CHICKEN 3 JOINT WING 12X900GM (PERDIGAO),FP,7.8,2.96,23.11,21.06.2023
360,FCH002,FISH CHIP RED 500gmx20pkt/ctns,FP,"1,226.00",2.89,"3,547.69",17.05.2023
361,FKE003,FISH- KEMBONG 8-10pcs 2kg X 5pkt/ctns,FP,184,3,552,15.06.2023
362,FSF010-03,FISH- SUTCHI FILLET BUTTERFLY CUT 600-800gm 10/ctns,FP,"4,310.00",2.24,"9,652.88",26.05.2023
363,FSF010-06,FISH- SUTCHI FILLET BUTTERFLY CUT 900-1100gm 10/ctns,FP,"10,425.40",2.3,"23,962.94",12.05.2023
364,OAB006,OTHER- KIPPIN ABALONE (10H-150gm) 24CANS,FP,"1,114.00",14,"15,596.00",30.04.2023
365,OAB011-02,OTHER- HALF SHELL ABALONE 29pcs/pkt x 10pkt/ctns,FP,4,28.52,114.07,01.10.2022
366,OCN008,OTHER- CHICKEN GOLDEN NUGGETS (AYAMAS) 850gm x 10 pkt,FP,"1,810.00",3.91,"7,077.10",01.06.2023
367,OHB003,OTHER- TINY HASH BROWN TRI TATERS SIMPLOT 6X5LB,FP,71,8.5,603.5,17.06.2023
368,OKR001,OTHER- KOEAN RICE CAKE (TTEOKBBOKY) 600GM X 12PKT,FP,45,2.6,117,01.04.2023
369,OOI012-04,OTHER- COARSE SEA SALT 3KG/PKT,FP,1,1.45,1.45,26.12.2020
370,OOI015D,OTHER- ONION POWDER 500GM/PACKET,FP,2,5.5,11,28.06.2021
371,OPO024-03,OTHER- HONEY SOY N GINGER CHICKEN CHUNKS 400GM X 20PKT/CTNS,FP,10,4,40,10.04.2023
372,PBEL16,PORK BELLY SLICED 1' 3kg/pkt,FP,177,5.7,"1,008.50",03.06.2023
373,PBEL21-04,PORK BELLY SLICED 5mm 18kg/ctns,FP,130,5.7,741,12.06.2023
374,PBEL22-04,PORK BELLY SLICED 1cm 5kg/pkt,FP,95,5.3,503.5,30.05.2023
375,PBEL23,PORK BELLY SUKIYAKI TENDERFRESH 400gmX10pkt,FP,26,4.52,117.56,26.08.2022
376,PBRO03,PORK- PORK SAUSAGE 3PCS 325GM+-/PKT,FP,20,14.5,290,13.04.2022
377,PCOS04-04,PORK COLLAR SLICED 2-3mm 2kg/pkt,FP,9,4.3,38.7,15.06.2023
378,PHOC05-01,PORK HOCK (SULINA) CUT 2 20kg/ctn,FP,698.67,2.39,"1,671.02",13.06.2023
379,PJOW10,PORK JOWL KEKEN 5KG/CTN,FP,201.39,11.5,"2,315.98",21.06.2023
380,PM-06,PORK MINCED TWICE,FP,-18,3.8,-68.4,10.06.2023
381,POCU04,PORK FAT CUBE 2KG/PKT,FP,122,2.7,328.93,04.05.2022
382,PSPA20,PORK- ST LOUIS RIBS - HALF SLAB 500GM/PKT,FP,-93,5.95,-553.35,14.01.2023
383,PTAI11,PORK TAIL (HK SCAN-SWEDEN),FP,204.1,5.5,"1,122.57",06.11.2021
384,RAB001,RABBIT WHOLE WITHOUT HEAD 1.2-1.3KG/PCS,FP,26.87,17,456.79,15.06.2023
385,SAUCE-45,STEAM FISH - NYONYA TASTE 32PKT/CTNS,FP,114,3.3,376.2,12.08.2021
386,SEB001,SEAFOOD- EBI FRY 41/50 22gm/pcs 20tray/ctn,FP,130,3.5,455.43,15.06.2023
387,SOYS08,XXXXX SEAFOOD- OYSTER 7-9gUP (U CATCH) 10X1kg/pkt,FP,"11,530.00",5.57,"64,256.02",05.10.2022
388,SSR03,SEAFOOD- CALAMARI 5X1kg/ctn,FP,40,9,359.99,01.06.2023
389,SVA009-04,SEAFOOD- VANNAMEI HOSO 26-30pcs 10X1KG - G54,FP,443,8.37,"3,707.74",18.05.2023
390,BBA001,BEEF BALL 1kg/pkt (PING PONG),FP,123,9,"1,106.97",13.06.2023
391,BGC002,BEEF- BEEF GOLDEN COIN WITH MUSCLE (MONDELI-SA),FP,"1,932.11",13.54,"26,168.68",09.09.2022
392,BMS004,BEEF MEAT SLICED 500gmX20pkt,FP,317,8.45,"2,677.78",18.05.2023
393,BTR003-02,BEEF TRIPE HONEYCOMB (QUALITY/MINERVA),FP,236.16,6.57,"1,550.66",23.05.2023
394,FBA006-01,FISH- BATANG STEAK 8pcs/kg 2kgX5pkt,FP,138,6.5,896.39,12.06.2023
395,FBE002,XXXXXFISH- BELT FISH 150/200GM 12KG/CTNS,FP,112,3.58,401.47,27.05.2023
396,FBE004,FISH- BELT FISH STEAK 150-200GM 500GM/PKT,FP,23,4.67,107.34,16.06.2023
397,FSN002,FISH- TOMAN FILLET CUT SLICED 200GM/TRAY,FP,19,3.49,66.28,27.03.2022
398,FSR002,FISH- STING RAY S 9kg/ctn,FP,70,9,630,16.02.2023
399,FTI004,FISH- BLACK TILAPIA GGS 500/800GM 5X2kg,FP,"9,874.70",1.52,"15,026.24",24.06.2020
400,OBR001,OTHER- BROCCOLI FLORET (FARMLAND) 2X5KG/CTNS,FP,229,1.9,435.15,16.05.2023
401,OCH001,OTHER- SLICED CHEESE 84pcs (CHEF CHOICE),FP,35,8.97,313.91,05.06.2023
402,OKA003,OTHER- CHICKEN KARAAGE 1kgX10pkt,FP,1,7.85,7.85,17.06.2023
403,OOI024,OTHER- AJINOMTO 1KG,FP,10,3.3,33,02.06.2021
404,OPO005,OTHER- CHICKEN FRIED CRISPY RED HOT (AYAMAS) 850gmX10pkt,FP,141,4.65,655.65,30.05.2023
405,OPR003-02,OTHER- ROTI PRATA PLAIN (KAWAN) 40PKT X 5PCS X 80GM/PKT,FP,40,1.28,51.25,21.12.2022
406,OSC003,OTHER- CRISPY CHICKEN W/BEANCURD WRAP 450gmX12 CS TAY,FP,36,5,180,22.02.2022
407,OTO007,OTHER- OTAK FISH 180GM (100pkt/ctn),FP,851,2.3,"1,957.29",10.06.2023
408,PBEL21-05,PORK BELLY SLICED 2' X 6mm,FP,224,5.7,"1,276.80",15.06.2023
409,PBEL27,PORK BELLY SHABU SHABU 250gm/pkt,FP,573,4.5,"2,578.50",14.05.2023
410,PCUB02,PORK CUBE 2KGX6PKT/CTNS,FP,"2,553.00",3.58,"9,131.42",29.05.2023
411,PMIN07,PORK MINCED KURO 500gmX20pkt,FP,297,3.3,980.1,08.06.2023
412,PS-03,PORK SHOULDER SLICED 5mm -6mm 2kg/pkt,FP,88,3.7,325.6,20.12.2022
413,SCA004,SEAFOOD- HALF SHELL SCALLOP WITH ROLL 8/9 10X1kg/pkt,FP,"2,028.00",6.36,"12,889.90",15.06.2023
414,SPR001,SEAFOOD- PRAWN MEAT PTO 31/40 10X1kg/pkt,FP,"4,915.00",6.65,"32,667.28",01.03.2023
415,SPR004-02,SEAFOOD- PRAWN MEAT PTO 21/25 (U CATCH) 10X1kg/pkt,FP,294,7,"2,057.81",09.06.2023
416,SPR006-02,SEAFOOD- PRAWN MEAT PTO 16/20 (IQF-BLUE PRAWN) 10X1kg/pkt,FP,"1,071.00",8.48,"9,083.26",09.06.2023
417,SSC002-02,SEAFOOD- FLOWER CRAB 150-200 8KG/CTNS,FP,144,6,864,29.05.2023
418,SVA004-05,SEAFOOD- VANNAMEI HOSO COOKED 51/60,FP,2,10.2,20.4,05.05.2023
419,SVA005,SEAFOOD- VANNAMEI HOSO SEMI IQF 41/50 12X1kg,FP,145,8.6,"1,246.79",09.05.2023
420,BMS003,BEEF MEAT SLICED 3kgX5pkt,FP,"1,472.00",8.08,"11,897.17",13.06.2023
421,CBON01,CHICKEN BONE 5kg/pkt,FP,291,2.54,738.92,19.06.2023
422,CFEE01,CHICKEN- FRIED CHICKEN FEET 1kgX10pkt,FP,"6,840.00",3.6,"24,624.00",15.06.2023
423,MBL004-02,LAMB BONELESS LEG (AUST-SWIFT),FP,647.26,12.93,"8,369.33",07.06.2023
424,MMI001,MUTTON- MUTTON MINCED 2kg/pkt,FP,40,7.3,292.06,07.03.2023
425,OBTS01,OTHER- BUTTER UNSALTED 250gmX60pcs,FP,7,10.74,75.18,20.01.2022
426,OCN006,OTHER- CHICKEN NUGGETS (FREEZE PAK) 9X1kg,FP,"1,132.00",5.77,"6,533.54",18.05.2023
427,OFC006-02,OTHER- FISH CAKE - PANDAN FISH FACE 450gm X 20pkt (KANIKA),FP,79,4.6,363.34,14.04.2023
428,OFF0010,OTHER- FRIES SWEET POTATO PLATTER (LAMB'S) 1/4' x 1/2',FP,18,10.8,194.4,01.10.2022
429,OFF005,OTHER- SEASONED WEDGE 6X5LB (LAMB WESTERN) 8 // 10CUT,FP,20,8,160,17.06.2023
430,OFF005-01,OTHER-FARMLAND SPICY POTATO WEDGES 12 X 500GM,FP,147,5.24,770.7,27.03.2023
431,OHD013-03,OTHER- CHICKEN SAUSAGE WITH CORN,FP,12,2,24,28.07.2022
432,OOW001,OTHER- OCTOPUS WHOLE 10P SIZE (FROZEN-MADAKO),FP,188,7.97,"1,497.82",20.04.2023
433,OPO003-02,OTHER- NASI LEMAK CHICKEN WING 400GMX12PKT/CTNS,FP,21,3.6,75.6,27.03.2023
434,OSR006,OTHER- SQUID ROLL FIGO 20 PKTX500GM,FP,4,2.43,9.73,01.06.2023
435,PBEL21-03,PORK BELLY SLICED 2.5' X 4mm 5KG/PKT,FP,470,5.04,"2,369.45",26.05.2023
436,PCOL10-02,PORK COLLAR IBERICO SKINLESS CAMPOVILLA EG 8-10PC/CTN,FP,39,8.6,335.4,15.05.2023
437,PCOS04-01,PORK COLLAR SLICED 1CM,FP,45.2,4.28,193.6,11.04.2023
438,PHOC14,PORK HOCK S2 800gm/pcs*20kg/ctn,FP,765,2.6,"1,988.78",13.06.2023
439,PLOB08,PORK LOIN BONE IN (FRIMESA) 25kg/ctn,FP,"16,392.00",2.98,"48,798.24",21.04.2023
440,PM-10,XXXXXPORK MINCED-COLLAR,FP,12,4.2,50.4,15.06.2023
441,PRIB01,PORK MEATY RIBLETS 10kg/ctn,FP,490,2.29,"1,124.39",03.05.2023
442,PRIB11,PORK RIBLETS CUT 4',FP,-10,4.2,-42,27.03.2023
443,PSPA09-02,PORK- SPARERIB (SULINA) 18kg/ctn *SIF PLANT 1*,FP,"26,240.90",4.33,"113,724.10",29.04.2023
444,SCA001-08,SEAFOOD- HOKKAIDO SCALLOP 10/20 10X1KG/CTNS,FP,"3,404.00",14.81,"50,429.22",30.05.2022
445,SCA007-05,SEAFOOD- BOILED SEA SCALLOP MEAT 100/120 10X1KG/CTNS,FP,-113,5.08,-573.57,20.06.2023
446,SVA004-07,SEAFOOD- VANNAMEI HOSO COOKED 41-50 12X1pkt/ctn (EMERALD),FP,96,9.5,912,19.01.2023
447,SVA009-02,SEAFOOD- VANNAMEI HOSO 26-30pcs A&O 10x1pkt/ctn,FP,192,10.5,"2,016.00",06.01.2023
448,BCR001,BEEF CHUCKROLL BRAZIL,FP,172.78,7.2,"1,244.01",22.02.2023
449,BMB002,BEEF MARROW BONE CUT 5kg/pkt,FP,538.28,2.09,"1,127.48",06.06.2023
450,BMI007,BEEF- MINCED BEEF RUMP (BUTCHER'S GUIDE) 2kgX 10pkt,FP,291,3,873,08.06.2023
451,BSF002,BEEF STIR FRY (UF) 500GM X 20PKT/CTNS,FP,290,3,870,07.06.2023
452,CMIN04,CHICKEN- MINCED CHICKEN (UF) 300GM/PKT,FP,228,2.5,570,31.12.2022
453,CWIN02-07,CHICKEN WING 90-110gm (FIRST PRIDE) 2kgX6pkt,FP,69,3.9,269.06,06.12.2022
454,FBE006,FISH- BELT FISH ROLL 10X1KG/CTNS,FP,89,5,445.03,16.05.2023
455,FCS007-05,FISH- TOOTHFISH STEAK 500GM X 20PKT/CTNS,FP,24,18,432,07.12.2021
456,FRS001-05,FISH- RED SNAPPER FISH HEAD FROZEN 5nos/ctns,FP,15.86,17,269.6,20.06.2023
457,FRS005,FISH- RED SNAPPER FISH,FP,21.4,16.5,353.1,17.06.2023
458,OAB012,OTHER- HALF SHELL ABALONE 8pcs/pkt x 24pkt/ctns,FP,13,10.8,140.4,12.05.2022
459,OKA002,OTHER- CHICKEN KARAAGE 18X400GM/CTNS,FP,81,4.2,340.01,30.05.2023
460,OMR001,OTHER- FRAGRANCE MEAT ROLL 50pcs/pkt,FP,"1,119.00",0.31,346.88,13.06.2023
461,OOI004,OTHER- COOKING OIL RED TIN GW16KG,FP,253,24.34,"6,158.06",16.06.2023
462,OOI026,OTHER- LIQUORICE POWDER 500GM/PKT,FP,2,4.5,9,10.02.2021
463,OPO003-06,OTHER- CHICKEN BUFFALO WING STICK 18X350GM/CTNS,FP,72,3.95,284.4,24.05.2023
464,OPO004-03,OTHER- CHICKEN DRUMMETS BREADED GARLIC 350gmX20pkt,FP,32,3.09,99.02,24.05.2023
465,OPO006-03,OTHER- CHICKEN POPCORN (FARMPRIDE) 400gmX12pkt,FP,87,4,347.97,21.06.2023
466,ORM002,OTHER- UDON JAPANESE INSTANT 200gm X 30PKT/CTNS,FP,70,0.63,43.89,12.04.2022
467,OSS006-02,OTHER- AROMAT(KNORR) 6X1KG/CTNS,FP,4,7.12,28.47,28.12.2021
468,PBEL05-21,PORK BELLY PAMPLONA (SINGLE-BRAZIL),FP,768.73,4.95,"3,805.21",12.05.2023
469,PBEL10-01,PORK BELLY CUBE K&K 20kg/ctns,FP,9.3,5.4,50.22,15.06.2023
470,PBRB11,PORK BRISKET BONE (SWIFT),FP,463.24,3.85,"1,783.48",30.12.2022
471,PJOW06,PORK JOWL MEAT RINDLESS (UGGLARPS),FP,48,3.11,149.24,31.12.2022
472,POCU01,PORK OIL CUBE 5kg/pkt,FP,"2,810.00",3.01,"8,465.08",11.06.2023
473,PSOF02,PORK SOFTBONE CUT A 5kg/pkt,FP,"2,980.00",3.98,"11,859.85",15.06.2023
474,PSOF02-05,PORK SOFTBONE CUT 1' X 1' _ 01,FP,60,3.9,234,15.05.2023
475,PSTO02,PORK STOMACH MAW UNSCALDED (SEVEN POINT AUST PORK),FP,390,4.6,"1,794.00",30.12.2022
476,PTAI09,PORK TAIL (PRIMO-AUST),FP,89.12,5,445.6,10.08.2021
477,PTEN01,PORK FILLET/TENDERLOIN 5kg/ctns,FP,190.51,5.4,"1,029.29",14.04.2023
478,SAK001,SEAFOOD- FRESH ANG KA PRAWN (HOSO) 26/30,FP,24,11.7,280.8,06.12.2021
479,SAUCE-09,MENTAIKO MAYO 360ML/BTL,FP,3,14,42,26.04.2023
480,SAUCE-40,OTHER- TABASCO PEPPER SAUCE 24 X 60ML,FP,1,2,2,07.07.2021
481,SBA001-02,SEAFOOD- FRIED BABY SOTONG 1kgX 6 pkt,FP,25,32.25,806.2,10.05.2023
482,SBT003,SEAFOOD- BLACK TIGER PTO 31/40 1kgX10pkt,FP,93,13.27,"1,234.57",05.10.2021
483,SCA001-09,SEAFOOD- SCALLOP 21/25 2kg X 5pkt,FP,902,13.98,"12,611.34",30.05.2022
484,SMU002-01,SEAFOOD- WHOLE MUSSEL 454gm/pkt,FP,-12,2.5,-30,03.06.2023
485,SVA001-03,SEAFOOD- VANNAMEI HOSO IQF 21/25 12X1kg,FP,13,9.5,123.5,13.01.2022
486,SVA008,SEAFOOD- VANNAMEI HOSO 41-50pcs 2kgX6pkt,FP,193,7.1,"1,370.30",14.11.2022
487,SWC004-01,SEAFOOD- GONG GONG 20KG // 15kg,FP,144.2,4.5,648.9,13.06.2023
488,BBG001,BEEF- BULGOGI BEEF BURGER 15 X420GM,FP,3,3.71,11.13,15.08.2022
489,BMS005,BEEF MEAT SLICED 3''x1.5mm 2kg,FP,18,6.8,122.4,31.03.2023
490,CBLL01,CHICKEN BONELESS LEG 200gmUP (TYSON) 2kgX6pkt,FP,"-1,488.00",2.6,"-3,868.80",31.03.2023
491,CFEE08,CHICKEN FEET (AURORA) 6kgx2/ctn,FP,"1,242.00",1.48,"1,838.16",15.06.2023
492,CWIN01-03,CHICKEN WING 80GM UP (SEARA) 2KGX6PKT,FP,966,3.8,"3,669.94",17.06.2023
493,OCK002,OTHER- MINI CHIKUWA 500GMX20pkt/ctns MUSHROOM,FP,188,2.57,483.24,11.05.2023
494,OMR002,OTHER- CHICKEN BALL 50pcs/pkt,FP,31,5,154.94,15.06.2023
495,OOI022,OTHER- PARSLEY SHREDDED 10X500GM/CTNS,FP,4,12,48,07.07.2021
496,OOI032,OTHER- SAND GINGER POWDER 500GM/PKT,FP,2,5,10,08.05.2021
497,OPO001-03,OTHER- CP CHICKEN POPCORN ORIGINAL 1KG X 10PKT /CTNS,FP,72,3.95,284.4,20.04.2023
498,OPO002,OTHER- CHICKEN FRIED CRISPY RED HOT (AYAMAS) 850gmX10pkt,FP,123,4.64,571.03,18.03.2023
499,OSC002,OTHER- SEAWEED CHICKEN PREMIUM FIRST 12X1KG/CTNS,FP,110,8.75,962.2,19.06.2023
500,OTO004-02,OTHER- SEAWEED YUBA (500gm),FP,206,3.3,679.78,08.06.2023
501,OTS001-03,SAUCE- HEINZ YELLOW MUSTARD 2.95KG/TUB,FP,1,11.8,11.8,14.07.2021
502,PBEL19-08,S/LESS PORK BELLY SLICED 1.2mm cut half 110gm/pkt,FP,42.9,6.6,283.17,15.06.2023
503,PBEL21-08,PORK BELLY SLICED 3mm 2kgX5pkt,FP,"2,419.00",4.9,"11,852.61",14.06.2023
504,PFER03,PORK FERMURBONE CUT 5kgX2pkt,FP,"2,565.00",1.2,"3,078.00",15.06.2023
505,PLES05,PORK SLICED 500GM/PKT,FP,47,3,141,24.04.2020
506,PLIV03,PORK LIVER (PPS) 10kg/ctn,FP,30,2.25,67.57,09.06.2023
507,PSTO05,PORK STOMACH COOKED 13.61kg/ctn (HATFIELD),FP,18.56,1.74,32.36,18.04.2023
508,SAUCE-18,SWISS BEAR TOMATO KETCHUP 12X1KG/CTNS,FP,25,1.88,46.9,19.01.2022
509,SLB007,SEAFOOD- CRAY PRAWN 80-100 28kg/ctn,FP,0.2,116.8,23.36,10.06.2023
510,SMU001-04,SEAFOOD- 1/2 SHELL BLUE MUSSEL RICH SEA 908GM X 12PKT/CTNS,FP,86,11.34,974.81,19.05.2023
511,SQC001,SEAFOOD- SQUID CUT WITH SKIN 8x2kg/pkt,FP,"2,998.00",3.3,"9,893.40",15.02.2023
512,SQT001-04,SEAFOOD- SQUID TUBE W/OUT SKIN 1kg X 10pkt,FP,893,3.58,"3,196.17",18.04.2023
513,BCHO03,BEEF CHOP (STRIPLOIN) STEAK (TFP) 500gmX20pkt,FP,140,7.6,"1,064.00",08.06.2023
514,BOM002,BEEF OMASUM (SLIVERFERN) 25kg/ctn,FP,318.02,8,"2,545.75",07.06.2023
515,BSR004,BEEF SHORTRIB BONE IN USA,FP,26.65,23.3,620.94,26.09.2022
516,BSU001-02,BEEF SUKIYAKI (BUTHER'S RIDGE) 400GMX20PKT,FP,198,6.93,"1,372.98",11.04.2023
517,BTO001,BEEF TONGUE,FP,21,2,42,17.11.2022
518,CBLL09-03,CHICKEN CUBE 1CMX1CM 2kgX6pkt,FP,64,4.2,268.8,06.06.2023
519,CCUB010,CHICKEN CUBE 4CM X 4CM 4X3PKT/CTNS,FP,30,2.4,72,15.06.2023
520,CCUB05,CHICKEN CUBE S 5kgX2pkt,FP,700,3.37,"2,361.51",15.06.2023
521,CSLI04-01,CHICKEN SLICED W/O SKIN 1.50 CM 2kgX6pkt,FP,42,6.19,260.15,15.06.2023
522,CWIN02-05,CHICKEN WING 90gm UP (PIF PAF) 15kg/ctn,FP,135,46.25,"6,244.42",12.06.2023
523,DUCK15-03,DUCK- DUCK LIVER PRE SLICED 50GM/PCS,FP,8.71,84.97,740.08,07.06.2023
524,FCS007,FISH- CHILEAN SEABASS FILLET IQF S/ON 3-4KG,FP,4.72,45,212.4,30.11.2021
525,FCU001,FISH- CUTTLEFISH 5kg/pkt,FP,-20,5.1,-101.99,17.06.2023
526,FCU002,FISH- CUTTLEFISH BABY 2 kgX6 pkt,FP,132,9.8,"1,293.56",16.06.2023
527,FSF001-02,FISH- SUTCHI FILLET 170-220gm 7kg/ctn,FP,620,2.94,"1,824.46",26.05.2023
528,FSF001-07,FISH- SUTCHI FILLET 170-220gm 1kgX10kg/ctn,FP,"4,731.00",2.98,"14,106.43",25.03.2023
529,MECHICKEN04,MARINATE CHICKEN BONELESS LEG 2KG/PKT **WESTERN**,FP,20,4.5,90,27.11.2022
530,MTR001,MUTTON TRIPE NZ 22kg/ctn,FP,60,4,240,11.05.2023
531,OAB011,OTHER- ABALONE S 300GM,FP,1,13.75,13.75,05.01.2022
532,OBTS03-02,OTHER- BUTTER UNSALTED (WEST GOLD) 250gm X 40pcs,FP,9,3.2,28.8,05.05.2023
533,OCH004,OTHER- NACHO CHEESE SAUCE 3kgX4tub (CHOICE-MALAYSIA),FP,76,4.73,359.1,13.06.2023
534,ODU018,OTHER- RING RING ROLL/SOYBEAN ROLL 168GM X 15PKT,FP,316,2.45,774.2,03.06.2023
535,OFR003,OTHER- TAPIOCA FLOUR (FLYINGMAN) 500GM/PKT,FP,3,0.8,2.4,05.02.2022
536,OHA002,OTHER- CHICKEN WHOLE HAM (NON-HALAL),FP,52,5.8,301.6,24.05.2023
537,OOI027,OTHER- FIVE SPICEPOWDER 500GM/PKT,FP,3,3,9,10.02.2021
538,OOR006,OTHER- ONION RING (SIMPLOT-BABY STAR) 2lbX8pkt,FP,193,5,964.99,19.06.2023
539,OPO003-05,OTHER- CHICKEN WHOLE WING (CP) 10X1kg,FP,132,3.85,508.2,15.06.2023
540,OPO024,OTHER- CHICKEN CHUNKS MALA 12X300GM,FP,37,3.42,126.57,11.04.2023
541,PCOL10-06,PORK COLLAR IBERICO SLICE 2MM 300GM 25PK/CTN,FP,20,8.3,166,14.01.2023
542,PCOS04-078,PORK COLLAR SLICED,FP,286.4,4.4,"1,260.16",15.06.2023
543,PHOC05,PORK HOCK CPRCOVADO-BRAZIL) 20kg/ctn,FP,"30,071.19",2.35,"70,678.97",25.01.2023
544,PLOI08-03,PORK LOIN SLICED 3.2mm Cut 2  (PLO13),FP,14,4.5,63,15.04.2023
545,PRIB01-09,PORK MEALTY RIBLETS (UK) 10KG/CTNS,FP,"29,329.00",3.36,"98,535.28",14.04.2023
546,PRIB05-02,"PORK RIBLETS CUT 3"" 5KGX2PKT/CTNS",FP,605,4,"2,420.00",15.06.2023
547,PS-02,PORK LEG SLICED 2KGX6PKT/CTNS,FP,"3,592.00",3.77,"13,538.61",14.06.2023
548,PSHT03,PORK LACONE / SHANK (WESTFLEISH-GERMANY),FP,29.14,3,87.42,22.12.2022
549,PSOF03,PORK- STERNUM BONE CUBE 20kg/ctn 5692,FP,23.5,2,47,05.04.2023
550,PSPA01,PORK- SPARERIB CUT 2''-2.5'' 5KGX2PKT/CTNS,FP,"1,735.00",5.42,"9,410.50",14.06.2023
551,SAUCE-52,SAUCE - SESAME SAUCE / GOMA DRESSING 1L/6BOT,FP,5,10.79,53.94,25.01.2022
552,SCA001-02,SEAFOOD- SEA SCALLOP 21-25LB 10X1KG/CTNS,FP,6,20,120,26.05.2022
553,SCA006,SEAFOOD- HALF SHELL SCALLOP WITH ROLL 6/7 7.50kg/ctn,FP,5,7.5,37.5,31.03.2023
554,SEA001,SEAFOOD- SEA CUCUMBER 3-4pcs 1KG,FP,58,18,"1,044.19",20.06.2023
555,SHI002-02,SEAFOOD- SHRIMP 100-200 10x1pkt/ctn,FP,"3,601.00",5.21,"18,770.98",09.06.2023
556,BSU003-02,BEEF SHABU SHABU (BUTHER'S RIDGE) 400GMX20PKT,FP,108,7,756,06.06.2023
557,BTA004,BEEF TAIL,FP,49.28,7.3,359.76,25.03.2023
558,CCUB04,CHICKEN CUBE 6X2kg,FP,"2,183.00",4.95,"10,800.32",12.06.2023
559,CKAD01,CHICKEN KATSUDON 1kgX10pkt,FP,234,7.1,"1,661.47",05.06.2023
560,CKAD07,FULLY COOKED FRIED CHICKEN CRISPY KATSUDON,FP,10,8.2,82,29.05.2023
561,CMIJ09,CHICKEN- MID JOINT FRANGOSUL 12X1KG/CTNS,FP,270,2,540,30.05.2023
562,CSLI01,CHICKEN SLICED 9MM 2kgX6pkt,FP,"2,598.00",4.33,"11,258.52",08.06.2023
563,CSLI09,CHICKEN SLICED 1.3cm 2kgX6pkt,FP,4,3.05,12.2,05.12.2021
564,DUCK08,DUCK NECKS SKINLESS  10kg/ctn,FP,7.28,2.6,18.93,13.06.2023
565,MBL003,LAMB SHOULDER B/LESS OYSTER TUBED,FP,207.58,16.5,"3,425.06",17.06.2023
566,MECHICKEN11,MARINATE CHICKEN BONELESS LEG **THAI**,FP,33,4.5,148.5,24.08.2022
567,MTU004,MUTTON NECK CUT 1INCH  2KG/PKT,FP,320,6.2,"1,984.00",13.06.2023
568,OCP003-02,OTHER- CHICKEN PATTIES BREADED (FARMPRIDE) 500gmX18pkt,FP,143,3.5,500.5,16.01.2023
569,ODU007,OTHER- SOUP XIAO LONG BAO 1KG/PKT,FP,12,11.52,138.28,17.06.2023
570,OFL002-02,OTHER- FROG LEG (PAN ROYAL) 6/8pcs /LB 500gm x 30pkt,FP,394,4.75,"1,871.50",17.06.2023
571,OHA004,OTHER- ITALY PARMA HAM PRESLICED 90GM,FP,40,6,240,09.12.2022
572,OOI015,OTHER- SPICE CAJUN BLEND 18X1KG/CTNS,FP,13,13.75,178.75,02.12.2021
573,OOI015B,OTHER- HELA GARLIC POWDER 700GM 9CANS/CTN,FP,2,19,38,13.07.2021
574,OPO024-01,OTHER- CHICKEN CHUNKS MALA 10X1KG,FP,66,7.01,462.93,26.04.2023
575,PBAL02,PORK BALL 125pcs 1kg/pkt,FP,117,6.8,795.5,13.06.2023
576,PBEL34,COREN SR BELLY BL RIND ON 24X4   4 BLK/CTN,FP,58.3,11,641.3,17.06.2023
577,PCOS04-03,PORK COLLAR 7mm,FP,58.6,4.4,257.84,31.03.2023
578,PFAT01,PORK FAT 2kg/pkt,FP,173,2.8,484.4,23.05.2023
579,PFAT04,PORK BACK FAT TONNIES,FP,692.25,2.8,"1,938.21",07.06.2023
580,PS-07,???PORK LEG SLICED 3mm 1.8KG NET,FP,420,3.8,"1,596.00",14.06.2023
581,PTRI03,PORK TRIMMING FROZEN,FP,-980,2.5,"-2,450.00",14.06.2023
582,SCR001,SEAFOOD- CRAB MEAT SPECIAL- TUB 227GM,FP,48,13.68,656.7,24.04.2023
583,SOT003,SEAFOOD- CUTTLEFISH BALL 500gm/pkt,FP,2,3,6,20.03.2020
584,SVA001-02,SEAFOOD- SEA TIGER HOSO 8-12PCS/PKT,FP,76,15.92,"1,209.69",29.06.2022
585,SVA004-03,SEAFOOD- VANNAMEI HOSO COOKED 31-40 12X1pkt/ctn (EMERALD),FP,135,10,"1,350.00",21.06.2023
586,BFT004,FLEXOR TENDON (NEW ZEALAND),FP,"1,201.65",7.9,"9,493.03",15.04.2023
587,BKN001-02,BEEF KNUCKLE (SADIA-SA),FP,"1,972.15",6.6,"13,021.49",20.06.2023
588,BLU001,BEEF LUNG,FP,19.2,2.96,56.77,10.05.2023
589,BMB001,BEEF MARROW BONE 5kg/pkt,FP,2.61,1.9,4.96,13.06.2023
590,BSP003,BEEF SHORT PLATE BONELESS (USA-NATIONAL BEEF),FP,349.79,9.5,"3,323.00",16.06.2023
591,CBON01-01,FRESH CHICKEN BONE,FP,28.6,2,57.2,26.09.2022
592,CFAT02,CHICKEN FATS LIQUID,FP,145,4.8,696,14.06.2023
593,CSLI02,CHICKEN SLICED W/O SKIN 6MM 2kgX6pkt,FP,24,4.2,100.8,12.06.2023
594,CWIN06-07,ChICKEN WING STICK(SEARA) 12x1KG/CTNS,FP,293,3.01,882.64,05.04.2023
595,FSA002-01,FISH- SABA FILLET 7PCS/PKT X 5PKT/CTNS (35P),FP,10,8,80,07.06.2023
596,FSB002-01,FISH- FRESH SEABASS 600-700GM,FP,109.4,6.7,733.02,13.06.2023
597,FSB002-04-02,FISH- FRESH SEABASS 600-700GM - BUTTERFLY @ BACK,FP,86.37,6.95,599.95,19.05.2023
598,OBB004,OTHER- SOYA BEAN 2KG/PKT,FP,7,3.4,23.8,17.05.2021
599,OFF003-08,OTHER- F.FRIES CRINKLE CUT (SADIA) 1kgX10pkt,FP,25,2.6,65,22.10.2022
600,OOI017-02,OTHER- LIME SEASONING POWDER (KNORR) 400GM/PKT,FP,1,4.8,4.8,29.03.2021
601,OOI025,OTHER- MEAT MARINATES SEASONING KNORR 450GM/BOT,FP,2,3.8,7.6,30.12.2020
602,OOI033,OTHER- BI-CARBONATE SODA KING 48 BOT X100GM,FP,5,0.7,3.5,16.09.2021
603,OOP022,OTHER- PLASTIC-TAKE AWAY ALUMINIUM FOIL,FP,1,55,55,05.08.2021
604,PBAL01,PORK MEAT BALL 1kg/pkt,FP,159,6.8,"1,081.18",07.06.2023
605,PBEL06-04,PORK BELLY SKINLESS WESTFORT (P194/5009 ),FP,236.04,3.5,826.14,28.02.2023
606,PCHO05,VACUM PACK PORK CHOP  250gm/pkt X 20pkt,FP,50,2.33,116.66,01.04.2023
607,PLEG09-02,PORK LEG CUT 1.5INCH  X 1.5INCH,FP,96,3.2,307.2,15.06.2023
608,PLIV02,PORK LIVER SLICED 2kgX5pkt,FP,"2,578.00",2.9,"7,475.92",09.06.2023
609,SOYS07,SEAFOOD- OYSTER S 9-11g 10x1kg/ctns,FP,"7,360.00",5.37,"39,552.18",05.10.2022
610,SQC005,SEAFOOD- SQUID CUT CUBE 10X1kg,FP,593,4.29,"2,546.93",23.02.2021
611,SQU003-05,SEAFOOD- SQUID WHOLE ROUND 26 UP 15kg/ctn,FP,285,9.5,"2,707.54",31.12.2022
612,SVA002-06,SEAFOOD- BLACK TIGER HOSO 26-30 600gm x 12pkt,FP,171,13.18,"2,253.51",13.06.2023
613,SVA004-04,SEAFOOD- VANNAMEI HOSO COOKED 26-30 10X1pkt/ctn (AA-MESTI),FP,368,12.5,"4,599.39",10.06.2023
614,BPA005,WAYGU BEEF BURGER PATTIES 170gm,FP,23.29,10.2,237.55,27.12.2022
615,BTL002,BEEF TENDERLOIN BRAZIL,FP,118.9,17.54,"2,085.98",16.06.2023
616,CBLS05,CHICKEN BONELESS SKINLESS LEG (TYSON) 2kgX6pkt,FP,114,6.11,697,10.06.2023
617,CDRU02,CHICKEN DRUMSTICK TYSON 3X5KG/CTNS,FP,225,2.6,585,22.02.2023
618,CMIJ03,CHICKEN- MID JOINT 40gm 16X1kg,FP,380,4.6,"1,748.66",03.01.2023
619,CSKI01,CHICKEN SKIN 15kg/ctn,FP,5,0.56,2.78,21.04.2023
620,CWIN05-01,CHICKEN WING 120-150gm (PERDIGAO) 15kg/ctn,FP,25,30,750,17.01.2023
621,CWIN06-04,ChICKEN WING STICK(SEARA) 12x1KG/CTNS,FP,821,3.11,"2,556.13",06.01.2023
622,DUCK03-02,DUCK- FRESH 3JOINT DUCK WING 10kg/ctn,FP,20.5,3.2,65.66,06.06.2023
623,FBA001-04,FISH- SP MACKEREL HEADLESS,FP,19,6.68,126.97,04.06.2020
624,FCS002-03,FISH- SALMON FRESH PORTION 500GM/PKT,FP,1,9,9,27.04.2022
625,FRS003,FISH- RED GROUPER 600-700gm,FP,53.6,27,"1,447.20",16.04.2023
626,FSF0010-06,FISH- SUTCHI CUBE 30gm (TWIN FISH/BIG FISH) 10X1kg/ctn,FP,"1,220.00",3.11,"3,797.25",25.03.2023
627,FSF006-03,FISH- SUTCHI STEAK 80-100gm (TWIN FISH/BIG FISH) 10X1kg/ctn,FP,"2,990.00",2.84,"8,492.10",10.09.2022
628,MFL003,MUTTON- LAMB FLAP STEAK 5kg/pkt,FP,"1,436.24",7.8,"11,205.58",06.03.2023
629,OCN001,OTHER- CHICKEN NUGGETS 15x1kg/ctn,FP,20,3.6,72,31.12.2022
630,OFF002-02,OTHER- F.FRIES SHOESTRING 5lbX6pkt (SUN CROP),FP,"10,652.00",2.28,"24,287.63",08.05.2023
631,OHB001-03,OTHER- HASH BROWN (DEL CAMPO) 20pcs 12pkt/ctn,FP,"3,548.00",4.08,"14,468.44",08.05.2023
632,OHD012-04,OTHER- PORK SMOKED SAUSAGE ORIGINAL,FP,50,0.6,30,10.03.2023
633,OMO002,OTHER- MOZZ SHREDDED 2kgX6pkt,FP,20,9,180,19.06.2023
634,OOI010-02,OTHER- POTATO STARCH 5KG/CTNS,FP,1,15.95,15.95,17.02.2021
635,OOP005,OTHER- PLASTIC-TAKE AWAY BIOCORN FORK 40*50PC,FP,1,40,40,23.07.2021
636,OPA001,OTHER- SHRIMP PASTE 2kg/pkt,FP,44,18.39,809.34,12.06.2023
637,OPR004,OTHER- SHRIMP ROLL (10pcs) 350GM/PKT**16PKT/CTNS,FP,380,2.14,814.36,24.06.2020
638,OSA002,OTHER- TAIWAN SAUSAGE 10pcs 500gm+-/pkt 40pkt/ctns,FP,"1,783.00",4.7,"8,380.02",15.06.2023
639,OSA005,OTHER- TAIWAN PORK SAUSAGE 500gm/pkt,FP,137,4.4,602.8,07.06.2023
640,OSP002,OTHER- SPINACH LEAF BALL (CHINA ) 10kgX1pkt,FP,23,1.9,43.73,20.04.2023
641,PBEL22-05,PORK BELLY SLICED 2CM THICK,FP,44.5,5.3,235.85,15.06.2023
642,PCHO04,VACUM PACK PORK CHOP  250gm/pkt,FP,9.2,1.7,15.64,15.06.2023
643,PCOS04-07,PORK COLLAR SLICED 1CM,FP,42,4.3,180.6,15.06.2023
644,PHEA04,PORK HEARTS (FOOD FARMILY) 10kg/ctn,FP,290,2.5,725,22.05.2023
645,PHOC09,PORK HOCK C4 5kgX3pkt,FP,320,2.6,832,13.06.2023
646,PLES09,PORK LEG CUT EXTRA SMALL CUBE 2kg/pkt,FP,355,2.6,923,15.06.2023
647,PLOR02,PORK LOIN RIB 600-700gm 1PCS/PKT,FP,9,6.9,62.1,11.06.2020
648,PM-04,PORK- MINCED PORK,FP,340,3.3,"1,122.00",15.06.2023
649,PTAI01-03,PORK TAIL CUT CUBE B,FP,30,1.3,39,21.09.2021
650,PTRI08,PORK TRIMMING MEAT 80/20,FP,"1,484.40",1.3,"1,929.77",12.05.2023
651,SCA001-04,SEAFOOD- BREADED SCALLOP (227gm X 60pkt),FP,134,1.69,226.18,21.10.2021
652,SCA007-02,SEAFOOD- BOILED SEA SCALLOP MEAT 80/100 1kgX10pkt,FP,50,7.57,378.57,20.06.2023
653,SCL001,SEAFOOD- IMITATION SNOW CRAB LEG 250gm X 40pkt,FP,242,3.2,774.39,13.06.2023
654,SCR005-02,SEAFOOD- UNBREADED CRAB CLAW 11's 180gm x 50pkt,FP,97,2.15,208.55,30.05.2023
655,SHI005,SEAFOOD- PRAWN MEAT COOKED 100/200 (TWIN) 10X1kg/pkt,FP,178,5.32,946.23,05.01.2022
656,SHI006,SEAFOOD- BROKEN VANNAMEI (BM) 10x1kg/ctn,FP,344,4.26,"1,466.30",15.06.2023
657,BRE005,BEEF RIBEYE / CUBEROLL (SWIFT-SA),FP,535.53,10.4,"5,569.52",22.02.2023
658,BUNDLE-01,SET A $88 - ABALONE 8's 2cans     +     BAK KUA 500GM X 2pkt,FP,-11,68,-748,27.03.2023
659,CMIJ04,CHICKEN- MID JOINT 30gm (PERDIGAO) 1kgX12pkt,FP,765,3.71,"2,841.66",23.03.2023
660,FBP005,FISH- BLACK POMFRET 150-200gm 5kgX2pkt,FP,225,4.5,"1,012.50",24.04.2023
661,FSF001-06,FISH- SUTCHI FILLET 170-220gm FARMSEA,FP,370,15.97,"5,909.31",20.05.2023
662,FSN002-04,FISH- TOMAN FILLET CUT SLICED (SKIN-ON) 4MM 1kg x 6pkt,FP,6,8.88,53.26,17.12.2022
663,FUN002,UNAGI KABAYAKI 50PCS 2X5KG/CTNS,FP,25,27.21,680.16,14.04.2023
664,OBA018,OTHER- PORK MUSHROOM BALL 1KG/PKT,FP,100,5.5,550,05.01.2023
665,OCN007,OTHER- CHICKEN NUGGETS 50PCS+/KG (KESKINOGLU-TURKEY) 10X1kg,FP,"7,786.00",2.88,"22,400.23",28.10.2022
666,ODU017,OTHER- SOYBEAN ROLL 160GM X 15PKT,FP,20,2.71,54.13,13.05.2022
667,OOI004-01,OTHER- COOKING CHINESE WINE FINE COOK,FP,3,1.1,3.3,05.02.2022
668,OOI030-02,OTHER- BALSAMIC VINEGAR SAUCE,FP,4,4.93,19.71,26.08.2021
669,OOI034,OTHER- CORN FLOUR 400GM/PKT,FP,6,0.8,4.8,05.02.2022
670,OPO004-04,OTHER- CHICKEN DRUMMETS BREADED (ORIGNAL),FP,665,5.2,"3,456.67",01.06.2023
671,OPO006-02,OTHER- CHICKEN POPCORN HOT & SPICY 400gmX12pkt,FP,160,3.79,606,23.05.2023
672,OSC001,OTHER- SEAWEED CHICKEN 6X1kg/pkt,FP,109,10.2,"1,111.42",31.05.2023
673,PBAK05,TRADITIONAL BBQ BAK GUA - SLICED 500gm/pkt,FP,58,20,"1,160.00",31.01.2023
674,PBAK07,BAK GUA (RAW),FP,1,7.25,7.25,07.12.2021
675,PBEL06-02,PORK BELLY SKINLESS (189 HOLLAND),FP,"34,388.45",6.14,"211,066.65",22.03.2023
676,PCHO02,PORK CHOP 8MM  5kgX2pkt,FP,76.5,4.5,344.25,15.06.2023
677,PHCU02,PORK HOCK CUBE K&K 10kg/ctn,FP,50,2.6,130,29.05.2023
678,PHCU04,PORK HOCK CUBE END 5kgX2pkt,FP,80,2.8,224,01.06.2023
679,PSPA11,PORK- SPARERIB FRESH,FP,20,3,60,30.03.2023
680,SAUCE-53,SAUCE - SEAFOOD SAUCE (HOI SIN SAUCE) 5L/TUB,FP,2,11,22,26.04.2021
681,SBO002,BABY OCTOPUS (SEASONED) 500GM KANIKA,FP,4,8.49,33.97,04.10.2021
682,SCA003,SEAFOOD- HALF SHELL SCALLOP WITH ROLL 7/8 10X1kg/pkt,FP,687,5.67,"3,892.07",12.01.2023
683,SPH004,SEAFOOD- PRAWN HEAD/SHELL (VANNAMEI) 6X2kg/pkt,FP,396,1.79,707.86,29.04.2023
684,SQU003-04,SEAFOOD- SQUID WHOLE ROUND30UP 2X5KG,FP,-12,10,-120,08.06.2023
685,SQU006-05,SEAFOOD- SOTONG FLOWER (BIG FISH) 500gm X 20pkt,FP,10,1.66,16.6,03.08.2018
686,SVA0011,SEAFOOD- VANNAMEI HOSO 16-20pcs A&O 6x2pkt/ctn,FP,165,10.2,"1,683.61",15.02.2023
687,SWC002-04,SEAFOOD- FLOWER CLAMS 40/50 500gmX20pkt/ctn (TWIN FISH),FP,"29,529.58",2.1,"61,947.15",30.05.2023
688,SWC003,SEAFOOD- WHITE CLAM - VANILA 500gm x 20pkt/ctns,FP,"2,002.25",2.36,"4,720.12",23.11.2020
689,BFT006-02,BEEF PADDY WACK/LIGAMENTUM (MINERVA),FP,352.08,3.92,"1,379.05",16.01.2023
690,BMS003-02,BEEF MEAT SLICED 2MM 1KG/PKT,FP,50,8.6,430,15.06.2023
691,BOM001-02,BEEF OMASUM SILVERFERN-NZ 20kg/ctn,FP,654.72,8.17,"5,346.27",14.06.2023
692,BSH004,BEEF SHIN/SHANK (QUALITY BEEF-BRAZIL),FP,238.76,5.38,"1,283.96",30.05.2023
693,CLQC03,CHICKEN- CURRY CHICKEN (30gm) 5kgX2pkt,FP,"3,455.00",2.4,"8,292.00",15.06.2023
694,COLD01,CHICKEN- OLD FOWL,FP,38.71,4.6,178.07,19.06.2023
695,CSLI01-03,CHICKEN SLICED 8mm 2kgX6pkt,FP,442,4.2,"1,856.40",15.06.2023
696,CSPR04,CHICKEN- SPRING CHICKEN 900gm (PD) 10.80kg/ctn,FP,766,46.57,"35,676.44",12.11.2022
697,FUN003,UNAGI KABAYAKI 250GM/PKT ** 50PCS,FP,97,5.5,533.5,30.05.2023
698,MCU002,MUTTON LEG CUT CUBE 5kg/pkt,FP,10,8,80,31.12.2022
699,MRA002,LAMB RACK STANDARD (THOMAS) 1.4CM/PCS,FP,2,16.5,33,02.10.2021
700,OBA006,OTHER- WHITE FISH BALL M 38's 500gm x 10pkt,FP,71,4,283.95,19.06.2023
701,OBE002,OTHER- GREEN PEA 1kgX12pkt LIGO (USA),FP,"1,978.00",1.27,"2,520.97",19.03.2023
702,OCL001,OTHER- LAVA CAKE CHOCOLATE FONDANT 200GM,FP,788,2.97,"2,338.13",16.10.2021
703,OFF001-09,OTHER- THIRTEEN SPICE CRAWFISH TRIPLE CATCH 20-30g 10X750GM/CTNS,FP,"1,541.00",5.89,"9,080.46",07.09.2022
704,OHD012,OTHER- TAKUMI ARABIKI WIENER,FP,129,3,387,06.02.2023
705,OOI006,OTHER- PURE REFINED SUGAR 1KG/PKT,FP,1,1,1,30.11.2021
706,OOI006-01,OTHER-WHITE ROCK SUGAR 3KG/PKT,FP,4,6.13,24.5,01.10.2022
707,OOI030,OTHER- VINEGAR (ZHE JIANG) 635GM/BOT,FP,5,1.7,8.5,17.02.2021
708,OOI031,OTHER- BAKED BEAN IN CANS 420GM ROYAL MILLER,FP,15,1,15,06.02.2021
709,OOP004,OTHER- PLASTIC-TAKE AWAY 167MM PET DOME LIP FOR 1150CC,FP,2,28,56,04.02.2022
710,OPO003-04,OTHER- CHICKEN ROASTED WINGSTICK 1kg x 6pkt,FP,465,7.7,"3,580.50",06.03.2020
711,OPO006-04,OTHER- CHICKEN POPCORN HOT & SPICY 10X1KG/CTNS,FP,82,7.86,644.54,01.06.2023
712,OPO021-01,OTHER- LEMONY GREEK YOGHURT GRILLED 12pkt x 270gm,FP,145,1.14,165.44,31.05.2022
713,OSR002-04,OTHER- VEGETABLE MINI ROLL 20gX20pcX20pkt/ctns,FP,90,2.1,189,17.04.2023
714,OVP008,OTHER- BLACK FUNGUS SLICED 1kg/pkt,FP,4,6.7,26.8,08.05.2021
715,PBEL14-03,S/LESS PORK BELLY SLICED 1.5MM,FP,68.51,7.2,493.04,15.03.2023
716,PBEL19-01,S/LESS PORK BELLY SLICED 2mm 1kg/pkt,FP,115,6.59,757.5,15.06.2023
717,PBEL21-09,PORK BELLY CUT 2' X 1',FP,160.28,5.3,849.48,15.06.2023
718,PCHO01,PORK CHOP 5kgX4pkt,FP,660,4.29,"2,830.59",13.06.2023
719,PORT01,PORK- PORK AORTA 10kg/ctn 121/505,FP,10,7.8,78,27.03.2023
720,PRIB16,PORK PRIME RIB 500gmX20pkt,FP,42,5.86,246.05,04.01.2023
721,PTAI02,PORK TAIL BONE CUBE 20kg/ctn,FP,10,2,20,17.11.2022
722,SCA001-07,SEAFOOD- SCALLOP HOTATE KAIBASHIDA SIZE 3S,FP,4,38.66,154.65,17.04.2023
723,SOYS03-02,SEAFOOD- OYSTER WHOLE WITH SHELL JAPAN M 144PCS/CTNS,FP,678,0.96,648.24,17.06.2023
724,SSC003-01,SEAFOOD- THREE SPOT CRAB,FP,0.2,10.8,2.16,21.02.2021
725,SSC003-02,SEAFOOD- MUD CRAB CLAW 400-500GM/PKT,FP,6,8,48,27.11.2021
726,CFEE04-03,CHICKEN FEET (AVIVAR-BRAZIL) 7.5kgX2pkt/ctn 35gmUP,FP,"25,008.50",1.61,"40,215.86",21.06.2023
727,CFLO01,CHICKEN FLOSS 6mm 2kgX5pkt,FP,34,3.17,107.67,08.10.2020
728,CWIN05-04,CHICKEN WING 120GMUP / 120-150gm UP (PD/SEARA/AVIA)15kg/ctn,FP,28,45.93,"1,286.01",24.04.2023
729,DUCK15-04,DUCK- DUCK LIVER FOIE GRAS 50GM/PCS X 4PCS/PKT,FP,-20,15,-300,24.02.2023
730,FLE003,FISH- LEATHER JACKET 500-800gm 10kg/ctn,FP,30,7.5,225,31.05.2023
731,FSF010-04,FISH- SUTCHI FILLET BUTTERFLY CUT 800-1000gm 10/ctn,FP,"8,220.00",2.39,"19,622.97",11.06.2023
732,FSS003,FISH- SLIVER FISH 8/10 1kg/pkt,FP,69,9.5,655.52,15.05.2023
733,FTI003,FISH- RED TILAPIA FILLET 300/500GM,FP,"3,721.82",4.79,"17,831.75",09.06.2023
734,OBA011,OTHER- FRIED FISH BALL 50's,FP,100,4.44,443.5,20.01.2023
735,OFF009,OTHER- TWISTER FRIES / CURLY FRIES 1KG/PKT,FP,28,5.83,163.24,15.06.2023
736,OFP004,OTHER- FISH PATTIES 32pcs (SAHIR)AAA 6pkt/ctn,FP,164,7.5,"1,230.00",21.06.2023
737,OHD004,OTHER- HOT DOG 340gm (SADIA) 32pkt/ctn,FP,"1,704.00",1,"1,703.90",05.06.2023
738,OMI003,EVAPORATED CREAMER (ROYAL MILLER) 309GMX48CANS,FP,36,0.94,33.75,10.01.2022
739,OMT001,OTHER- MAN TOU 12pcs/pkt,FP,"1,508.00",1,"1,507.80",28.04.2023
740,OOI028,OTHER- BABA CORIANDER POWDER 250GM/PKT,FP,3,1.55,4.65,17.02.2021
741,OPO002-05,OTHER- FRIED CHICKEN 12X600GM/CTNS,FP,49,7,342.98,29.04.2023
742,OPO003-01,OTHER- CHICKEN BUFFALO WING 1kgX10pkt (FARMPRIDE),FP,125,7.99,998.25,21.06.2023
743,OPO021,OTHER- CHICKEN CUTLET BREADED 20pkt x 320gm,FP,53,3,159,19.07.2022
744,OPO021-06,OTHER- GRILLED CHICKEN TENDER 18X400GM/CTNS,FP,-4,3.95,-15.8,21.06.2023
745,PBEL05-23,PORK BELLY SHEET RIBBED (LANGUIRU-BRAZIL),FP,"35,791.59",4.22,"151,164.30",31.03.2023
746,PBEL19-07,S/LESS PORK BELLY SLICED 1.5MM (500GM),FP,135,6.6,891,27.05.2023
747,PEAR02,PORK EARFLAPS 15kg/ctn,FP,582.1,4.5,"2,619.45",21.06.2023
748,PFAT03-02,PORK FAT CUT EXTRA SMALL CUBE 2kg/pkt,FP,448,2.3,"1,030.40",15.06.2023
749,PFLO02,PORK FLOSS 6mm 2kgX5pkt,FP,836,3.8,"3,176.80",14.06.2023
750,PHOC07,PORK HOCK CUT 2 20kg/ctn,FP,520.23,2.6,"1,352.60",14.06.2023
751,PLOI08-04,PORK LOIN SLICED 4 inch x 0.5' X 3.5mm,FP,120,4.5,539.99,14.06.2023
752,PLOR01-06,PORK LOIN RIB (SEARA) 10KG,FP,30.32,5,151.59,17.06.2023
753,PRIB02-02,PORK MEALTY RIBLETS CUT PCS ( KOMETA ),FP,27,1.3,35.1,27.06.2020
754,PSOF07,PORK SOFTBONE (TOLETO-SPAIN) 10kg/ctn,FP,"15,749.10",4.42,"69,571.80",30.05.2023
755,PSTO03,PORK STOMACH RAW SPAIN-ICP 10KG/CTNS,FP,"1,058.00",2.66,"2,818.45",08.02.2023
756,PTAI08,PORK TAIL L.VALLEY (AUST) 15KG/CTNS,FP,858.58,4.3,"3,691.90",15.04.2023
757,PTON03,PORK- PIG TONGUE GUISSONA-SPAIN) 10kg/ctn,FP,34.42,1.83,62.97,21.05.2023
758,SAUCE-22,SAUCE - TARTAR SAUCE 4X3L/CTNS,FP,2,10.6,21.2,05.01.2022
759,SBN005,SEAFOOD- BLACK TIGER PND 31/40 1kgX10pkt,FP,13,11.42,148.4,10.01.2021
760,SCA005-02,SEAFOOD- HALF SHELL SCALLOP WITH ROE 9/10 10X1kg/pkt,FP,"1,988.00",6.36,"12,649.52",31.03.2023
761,SLB001-06,SEAFOOD- LOBSTER 31-35gm 10kg/ctn,FP,1.88,35,65.8,31.12.2022
762,SQU0010-02,SEAFOOD- TAKO TENTACLES 5-8pcs/kg 10X1KG/CTNS,FP,"1,664.00",2.57,"4,284.11",15.06.2023
763,SQU006-04,SEAFOOD- SOTONG FLOWER 1kgX10pkt,FP,475,3.15,"1,498.15",17.06.2023
764,SSR004,SEAFOOD- SQUID RING (TWIN) 1kg X 10pkt,FP,"2,029.00",2.34,"4,738.24",18.04.2023
765,BRF002,BEEF RIB FINGER (USA-IBP),FP,"2,088.92",7.42,"15,504.74",16.06.2023
766,BTA001,BEEF TAIL 500gmX20pkt,FP,8,4.5,36,29.10.2022
767,BTR001-01,BEEF TRIPE HONEYCOMB (SCAN) 17KG/CTNS,FP,-30,2.01,-60.3,10.05.2023
768,CBLL01-01,CHICKEN BONELESS LEG 200gmUP (TYSON) 2kgx6pkt,FP,288,3,864,19.06.2023
769,CNSF02,CHICKEN STIR FRY 250GM X 12PKT (BUTHER'S RIDGE),FP,144,2.5,360,22.05.2023
770,CSLI02-05,CHICKEN SLICED W/O SKIN 1CM 2kgX5pkt,FP,116,6.2,719.2,15.06.2023
771,DEER01,DEER MEAT (NEW ZEALAND),FP,184.78,28.65,"5,294.06",05.06.2023
772,FSB002-05,FISH-BUTTERFLY!! FRESH SEABASS 500-600GM - BUTTERFLY @ BACK,FP,185.2,6.85,"1,268.55",20.04.2023
773,MPL001,MUTTON PLUCK / MUTTON LIVER,FP,27.81,4.6,127.98,17.05.2023
774,OFF001-04,OTHER- UNBREADED CRAB CLAW (180gm X 11pcs),FP,766,5.89,"4,513.66",07.09.2022
775,OFF010,OTHER- TWISTER FRIES/CURLY FRIES (LAMB WESTERN) 5lb X 6pkt,FP,9,12.97,116.74,15.06.2023
776,OOI019-02,OTHER- MALTOSE 25KG/TUB (FU LU SHOU),FP,1,41,41,03.04.2021
777,OPC001-02,OTHER- CHICKEN WITH PANDAN LEAF**PKT,FP,6,7,42,30.05.2023
778,OPO001,OTHER- CHICKEN POPPER SPICY 1kgX8pkt,FP,1,7.7,7.7,12.06.2023
779,OWS0001,OTHER- WASABI SB 43GM X 10,FP,1,2,2,26.10.2020
780,PBEL05-22,PORK BELLY MABELLA (BRAZIL),FP,"49,065.88",5.25,"257,836.05",17.06.2023
781,PBEL10-03,PORK BELLY CUBE 5kg/pkt,FP,71.3,5.3,377.89,30.05.2023
782,PBEL22-06,PORK BELLY 1.5cm 5kg/pkt (FENG ZHEN),FP,55,5.7,313.5,12.06.2023
783,PBRO01,PORK- ROASTED PORK BELLY,FP,12.1,12.61,152.54,30.04.2023
784,PCOS04-02,PORK COLLAR CUT PCS,FP,-102,4.3,-438.6,14.06.2023
785,PFEE01-06,PORK- PORK TROTTER (FRESH),FP,140.08,1.47,205.78,15.06.2023
786,PHOC05-09,PORK FRONT HOCK (PILGRIMS),FP,69,2.4,165.61,14.04.2023
787,PIGS04,"FROZEN PIG,HEAD AND FEET ON,NAILS REMOVED,EARS,NOSE",FP,49.58,2.2,109.09,18.05.2021
788,PM-05,PORK MINCED CHILL FRESH,FP,277,3.5,969.48,14.06.2023
789,PORT02,PORK- PORK AORTA,FP,-6.5,5.6,-36.4,06.01.2023
790,PRIB01-14,PORK MEALTY RIBLETS (ALEGRA) 20kg/ctn,FP,15,3.5,52.5,17.09.2022
791,PSHT01,PORK SHOULDER HOCK TROTTER ON,FP,618.47,2.99,"1,850.24",09.05.2023
792,PSHT04,PORK LACONE / SHANK CUT,FP,125.46,3.5,439.11,15.06.2023
793,SAUCE-57,SAUCE- SALTED EGG SAUCE 100GM/PKT,FP,5,2.5,12.5,27.10.2021
794,SVA002-11,SEAFOOD- BLACK TIGER HOSO 16/20 1kg x 10pkt,FP,80,11.02,881.49,10.06.2023
795,SVA006,SEAFOOD- VANNAMEI HOSO SEMI IQF 31/40 10X1kg,FP,64,8.88,568,01.06.2023
796,SVA008-03,SEAFOOD- VANNAMEI HOSO 41-50pcs 600gm X 12pkt,FP,1,8,8,13.06.2023
797,SVL009,SEAFOOD- VANNAMEI PND-IQF 26/30 10X1kg,FP,290,6.61,"1,917.70",30.04.2021
798,BBA001-01,BEEF BALL 200gm/pkt,FP,7,10.8,75.57,09.06.2023
799,BFC005,BEEF FATS 20KG/CTNS (HARVEY-AUST),FP,14.09,3.56,50.19,29.05.2023
800,BMI006,BEEF- MINCED BEEF MELTIQUE,FP,113,4.7,531.1,25.10.2022
801,BRE0011,CHILLED BEEF RIBEYE PS CUBEROLL NZ SILVERFERN,FP,14.24,28,398.72,07.12.2022
802,BTR001,BEEF TRIPE 4X5.50kg,FP,700.07,3.3,"2,310.74",13.06.2023
803,CCUB09,CHICKEN CUBE 1' X 1',FP,46,1.65,76.04,02.11.2021
804,CFAT01,CHICKEN FATS,FP,31.6,3.19,100.83,03.03.2023
805,CNECK01,CHICKEN NECK,FP,5.8,2.04,11.81,20.04.2022
806,CQUL04,CHICKEN QUARTER LEG (SANDERSON-USA) 15kg/ctn,FP,"2,655.00",1.68,"4,454.91",15.02.2023
807,CSLI08-02,CHICKEN SLICED SHABU SHABU 12X300gm/pkt PERDIGAO,FP,12,2.2,26.4,20.11.2022
808,CWHL13,CHICKEN- WHOLE LEG (MANA / ALLIZ-BRAZIL) 15kg/ctn,FP,"2,091.00",32.26,"67,456.01",19.05.2023
809,DES010,DESSERT- PINEAPPLE SLICED IN LIGHT SYRUP 565GMX24CANS/CTNS,FP,15,1.32,19.76,28.07.2021
810,DUCK04-02,DUCK- SMOKE DUCK BREAST 160gm/pcs (ORIGINAL) 12pcs/pkt (2kg),FP,64.03,9.08,581.09,14.06.2023
811,DUCK07,DUCK FEET 12kg/ctn,FP,38.7,3.2,123.86,14.06.2023
812,FCS001,FISH- CHILEAN SALMON FILLET SKIN-ON 3-4LB/PCS 15kg/ctns,FP,359.69,17.85,"6,420.26",17.06.2023
813,FSF0022,FISH- SHARK FIN 500gm/pkt,FP,49,20.56,"1,007.31",19.04.2023
814,OBA008-02,OTHER- FISH BALL WITH ROE 500gmx20pkt (23pcs),FP,"2,691.00",4.13,"11,122.46",15.04.2023
815,OED003,OTHER- EDAMAME BEAN (WITHOUT SHELL)  10X1KG/CTNS,FP,188,3.48,654.79,03.06.2023
816,OFF006-03,OTHER- F.FRIES CRISS CROSS  (CROKKN BATTERED) 4 X 2.5KG/CTNS,FP,29,8.75,253.75,12.06.2023
817,OMI004,CONDENSED MILK (ROYAL MILLER) 309GMX48CANS,FP,12,1.7,20.4,17.05.2021
818,OOI008,OTHER- GARLIC POWDER 500GM,FP,3,5.5,16.5,16.02.2022
819,OOI011-02,OTHER- BLACK PEPPER POWDER 500GM/PKT,FP,2,5.5,11,19.07.2021
820,OOI012-03,OTHER- SALT 3KG THREE EAGLE,FP,9,0.33,3,28.06.2021
821,OOI013B,OTHER- BLACK TRUFFLE OIL,FP,2,18,36,21.01.2022
822,OOI017,OTHER- HONEY GARLIC SEASONING 12X1KG/CTNS,FP,1,11.25,11.25,16.06.2020
823,OPO006,OTHER- CHICKEN POPPER (FARMPRIDE) 400gmX20pkt,FP,20,7.8,156,06.06.2023
824,OPO013-06,OTHER- TEXAS WING (FARMPRIDE) 12x350gm,FP,52,3.7,192.4,06.06.2023
825,OSC004,OTHER- SEAWEED CHICKEN 1kgX10pkt,FP,87,3.02,262.66,10.06.2022
826,OSS002,OTHER- MAYONNAISE 4X3L/CTNS,FP,1,16,16,03.02.2023
827,OTS004,OTHER - CHICKEN LUNCHEON MEAT KIZMIQ 340GM X 24CANS,FP,28,2.36,66.11,04.05.2022
828,PCHO07,PORK CHOP 1CM 5kg/pkt,FP,55,4.3,236.5,15.06.2023
829,PCOL02,PORK COLLAR 12kg/ctns,FP,314.7,3.73,"1,172.90",19.06.2023
830,PCOS06,PORK COLLAR SLICED 5mm 2KGX8PKT/CTNS,FP,65,4.3,279.52,02.06.2023
831,PLES09-01,PORK LEG CUT EXTRA SMALL CUBE 2kg/pkt,FP,52,2.6,135.2,04.06.2023
832,PM-02,PORK- MINCED PORK A 6X2KG/CTNS,FP,662,3.3,"2,184.60",13.06.2023
833,PRIB06,PORK- SPARERIB CUT 1.5''X1.5'' 5KGX2PKT/CTNS,FP,35,7.07,247.45,15.06.2023
834,PSHO03,PORK SHOULDER (SULINA) 20kg/ctn,FP,"43,420.50",3.33,"144,699.20",20.06.2023
835,SAUCE-61,SAUCE- RENDANG PASTE 1KG/PKT,FP,3,14,42,14.07.2021
836,SCS004,SEAFOOD- KANIMI CHUNK 180GM X 20PKT,FP,47,2.4,112.8,25.03.2023
837,SQC002,SEAFOOD- SQUID CUT WITHOUT SKIN (AA)  12X1KG/CTNS,FP,282,4,"1,128.00",15.02.2023
838,SVL002-02,SEAFOOD- VANNAMEI PND-IQF 41/50 10X1kg,FP,714,6.31,"4,507.96",01.03.2023
